-- MySQL dump 10.13  Distrib 5.5.37, for debian-linux-gnu (i686)
--
-- Host: localhost    Database: elpastillero
-- ------------------------------------------------------
-- Server version	5.5.37-0+wheezy1

/*!40101 SET @OLD_CHARACTER_SET_CLIENT=@@CHARACTER_SET_CLIENT */;
/*!40101 SET @OLD_CHARACTER_SET_RESULTS=@@CHARACTER_SET_RESULTS */;
/*!40101 SET @OLD_COLLATION_CONNECTION=@@COLLATION_CONNECTION */;
/*!40101 SET NAMES utf8 */;
/*!40103 SET @OLD_TIME_ZONE=@@TIME_ZONE */;
/*!40103 SET TIME_ZONE='+00:00' */;
/*!40014 SET @OLD_UNIQUE_CHECKS=@@UNIQUE_CHECKS, UNIQUE_CHECKS=0 */;
/*!40014 SET @OLD_FOREIGN_KEY_CHECKS=@@FOREIGN_KEY_CHECKS, FOREIGN_KEY_CHECKS=0 */;
/*!40101 SET @OLD_SQL_MODE=@@SQL_MODE, SQL_MODE='NO_AUTO_VALUE_ON_ZERO' */;
/*!40111 SET @OLD_SQL_NOTES=@@SQL_NOTES, SQL_NOTES=0 */;

--
-- Table structure for table `Personal_personal`
--

DROP TABLE IF EXISTS `Personal_personal`;
/*!40101 SET @saved_cs_client     = @@character_set_client */;
/*!40101 SET character_set_client = utf8 */;
CREATE TABLE `Personal_personal` (
  `id` int(11) NOT NULL AUTO_INCREMENT,
  `user_id` int(11) NOT NULL,
  `pc_id` int(11) NOT NULL,
  `nombre` varchar(200) NOT NULL,
  `apellido_Paterno` varchar(200) NOT NULL,
  `apellido_Materno` varchar(200) NOT NULL,
  `telefono` varchar(100) NOT NULL,
  `email` varchar(75) NOT NULL,
  `status` tinyint(1) NOT NULL,
  PRIMARY KEY (`id`),
  UNIQUE KEY `user_id` (`user_id`),
  KEY `Personal_personal_7d74c50d` (`pc_id`),
  CONSTRAINT `pc_id_refs_id_3b4e687d` FOREIGN KEY (`pc_id`) REFERENCES `pc_pc` (`id`),
  CONSTRAINT `user_id_refs_id_69c4041e` FOREIGN KEY (`user_id`) REFERENCES `auth_user` (`id`)
) ENGINE=InnoDB AUTO_INCREMENT=7 DEFAULT CHARSET=latin1;
/*!40101 SET character_set_client = @saved_cs_client */;

--
-- Dumping data for table `Personal_personal`
--

LOCK TABLES `Personal_personal` WRITE;
/*!40000 ALTER TABLE `Personal_personal` DISABLE KEYS */;
INSERT INTO `Personal_personal` VALUES (1,2,1,'esthefanya','Lira','islas','00000','fannykiss_33@hotmail.com',1),(2,3,2,'lili','Hernandez','Hernandez','0066','mayra@hdez.com',1),(3,4,1,'bertha alicia','olivares','Perez','12798890','licha@licha.com',1),(4,5,3,'Juan Jose','Islas','Delagadillo','00000000000','ejemplo@ejemplo.com',1),(5,6,4,'mario alberto','Hernandez','Hernandez','534543534634','mario@mario.com',1),(6,7,5,'maria ','de jesus','de jesus','000000000000','maria@maria.com',1);
/*!40000 ALTER TABLE `Personal_personal` ENABLE KEYS */;
UNLOCK TABLES;

--
-- Table structure for table `auth_group`
--

DROP TABLE IF EXISTS `auth_group`;
/*!40101 SET @saved_cs_client     = @@character_set_client */;
/*!40101 SET character_set_client = utf8 */;
CREATE TABLE `auth_group` (
  `id` int(11) NOT NULL AUTO_INCREMENT,
  `name` varchar(80) NOT NULL,
  PRIMARY KEY (`id`),
  UNIQUE KEY `name` (`name`)
) ENGINE=InnoDB DEFAULT CHARSET=latin1;
/*!40101 SET character_set_client = @saved_cs_client */;

--
-- Dumping data for table `auth_group`
--

LOCK TABLES `auth_group` WRITE;
/*!40000 ALTER TABLE `auth_group` DISABLE KEYS */;
/*!40000 ALTER TABLE `auth_group` ENABLE KEYS */;
UNLOCK TABLES;

--
-- Table structure for table `auth_group_permissions`
--

DROP TABLE IF EXISTS `auth_group_permissions`;
/*!40101 SET @saved_cs_client     = @@character_set_client */;
/*!40101 SET character_set_client = utf8 */;
CREATE TABLE `auth_group_permissions` (
  `id` int(11) NOT NULL AUTO_INCREMENT,
  `group_id` int(11) NOT NULL,
  `permission_id` int(11) NOT NULL,
  PRIMARY KEY (`id`),
  UNIQUE KEY `group_id` (`group_id`,`permission_id`),
  KEY `auth_group_permissions_425ae3c4` (`group_id`),
  KEY `auth_group_permissions_1e014c8f` (`permission_id`),
  CONSTRAINT `group_id_refs_id_3cea63fe` FOREIGN KEY (`group_id`) REFERENCES `auth_group` (`id`),
  CONSTRAINT `permission_id_refs_id_5886d21f` FOREIGN KEY (`permission_id`) REFERENCES `auth_permission` (`id`)
) ENGINE=InnoDB DEFAULT CHARSET=latin1;
/*!40101 SET character_set_client = @saved_cs_client */;

--
-- Dumping data for table `auth_group_permissions`
--

LOCK TABLES `auth_group_permissions` WRITE;
/*!40000 ALTER TABLE `auth_group_permissions` DISABLE KEYS */;
/*!40000 ALTER TABLE `auth_group_permissions` ENABLE KEYS */;
UNLOCK TABLES;

--
-- Table structure for table `auth_permission`
--

DROP TABLE IF EXISTS `auth_permission`;
/*!40101 SET @saved_cs_client     = @@character_set_client */;
/*!40101 SET character_set_client = utf8 */;
CREATE TABLE `auth_permission` (
  `id` int(11) NOT NULL AUTO_INCREMENT,
  `name` varchar(50) NOT NULL,
  `content_type_id` int(11) NOT NULL,
  `codename` varchar(100) NOT NULL,
  PRIMARY KEY (`id`),
  UNIQUE KEY `content_type_id` (`content_type_id`,`codename`),
  KEY `auth_permission_1bb8f392` (`content_type_id`),
  CONSTRAINT `content_type_id_refs_id_728de91f` FOREIGN KEY (`content_type_id`) REFERENCES `django_content_type` (`id`)
) ENGINE=InnoDB AUTO_INCREMENT=61 DEFAULT CHARSET=latin1;
/*!40101 SET character_set_client = @saved_cs_client */;

--
-- Dumping data for table `auth_permission`
--

LOCK TABLES `auth_permission` WRITE;
/*!40000 ALTER TABLE `auth_permission` DISABLE KEYS */;
INSERT INTO `auth_permission` VALUES (1,'Can add permission',1,'add_permission'),(2,'Can change permission',1,'change_permission'),(3,'Can delete permission',1,'delete_permission'),(4,'Can add group',2,'add_group'),(5,'Can change group',2,'change_group'),(6,'Can delete group',2,'delete_group'),(7,'Can add user',3,'add_user'),(8,'Can change user',3,'change_user'),(9,'Can delete user',3,'delete_user'),(10,'Can add content type',4,'add_contenttype'),(11,'Can change content type',4,'change_contenttype'),(12,'Can delete content type',4,'delete_contenttype'),(13,'Can add session',5,'add_session'),(14,'Can change session',5,'change_session'),(15,'Can delete session',5,'delete_session'),(16,'Can add site',6,'add_site'),(17,'Can change site',6,'change_site'),(18,'Can delete site',6,'delete_site'),(19,'Can add log entry',7,'add_logentry'),(20,'Can change log entry',7,'change_logentry'),(21,'Can delete log entry',7,'delete_logentry'),(22,'Can add farmacia',8,'add_farmacia'),(23,'Can change farmacia',8,'change_farmacia'),(24,'Can delete farmacia',8,'delete_farmacia'),(25,'Can add personal',9,'add_personal'),(26,'Can change personal',9,'change_personal'),(27,'Can delete personal',9,'delete_personal'),(28,'Can add proveedores',10,'add_proveedores'),(29,'Can change proveedores',10,'change_proveedores'),(30,'Can delete proveedores',10,'delete_proveedores'),(31,'Can add categoria',11,'add_categoria'),(32,'Can change categoria',11,'change_categoria'),(33,'Can delete categoria',11,'delete_categoria'),(34,'Can add compania',12,'add_compania'),(35,'Can change compania',12,'change_compania'),(36,'Can delete compania',12,'delete_compania'),(37,'Can add producto',13,'add_producto'),(38,'Can change producto',13,'change_producto'),(39,'Can delete producto',13,'delete_producto'),(40,'Can add mejor_proveedor',14,'add_mejor_proveedor'),(41,'Can change mejor_proveedor',14,'change_mejor_proveedor'),(42,'Can delete mejor_proveedor',14,'delete_mejor_proveedor'),(43,'Can add producto sin codigo',15,'add_productosincodigo'),(44,'Can change producto sin codigo',15,'change_productosincodigo'),(45,'Can delete producto sin codigo',15,'delete_productosincodigo'),(46,'Can add mercancia',16,'add_mercancia'),(47,'Can change mercancia',16,'change_mercancia'),(48,'Can delete mercancia',16,'delete_mercancia'),(49,'Can add tabla_temporal',17,'add_tabla_temporal'),(50,'Can change tabla_temporal',17,'change_tabla_temporal'),(51,'Can delete tabla_temporal',17,'delete_tabla_temporal'),(52,'Can add venta',18,'add_venta'),(53,'Can change venta',18,'change_venta'),(54,'Can delete venta',18,'delete_venta'),(55,'Can add productos_vendidos',19,'add_productos_vendidos'),(56,'Can change productos_vendidos',19,'change_productos_vendidos'),(57,'Can delete productos_vendidos',19,'delete_productos_vendidos'),(58,'Can add pc',20,'add_pc'),(59,'Can change pc',20,'change_pc'),(60,'Can delete pc',20,'delete_pc');
/*!40000 ALTER TABLE `auth_permission` ENABLE KEYS */;
UNLOCK TABLES;

--
-- Table structure for table `auth_user`
--

DROP TABLE IF EXISTS `auth_user`;
/*!40101 SET @saved_cs_client     = @@character_set_client */;
/*!40101 SET character_set_client = utf8 */;
CREATE TABLE `auth_user` (
  `id` int(11) NOT NULL AUTO_INCREMENT,
  `username` varchar(30) NOT NULL,
  `first_name` varchar(30) NOT NULL,
  `last_name` varchar(30) NOT NULL,
  `email` varchar(75) NOT NULL,
  `password` varchar(128) NOT NULL,
  `is_staff` tinyint(1) NOT NULL,
  `is_active` tinyint(1) NOT NULL,
  `is_superuser` tinyint(1) NOT NULL,
  `last_login` datetime NOT NULL,
  `date_joined` datetime NOT NULL,
  PRIMARY KEY (`id`),
  UNIQUE KEY `username` (`username`)
) ENGINE=InnoDB AUTO_INCREMENT=8 DEFAULT CHARSET=latin1;
/*!40101 SET character_set_client = @saved_cs_client */;

--
-- Dumping data for table `auth_user`
--

LOCK TABLES `auth_user` WRITE;
/*!40000 ALTER TABLE `auth_user` DISABLE KEYS */;
INSERT INTO `auth_user` VALUES (1,'admin','Administrador','Del sistema','fani@gmail.com','pbkdf2_sha256$10000$jAoi605YS9fW$PCgPS58psRbJN9OV51+3gEiuMy0ialkbpzV1Zss4tBc=',1,1,1,'2014-06-18 02:41:22','2014-05-14 14:56:25'),(2,'fanny','esthefanya','Lira islas','fannykiss_33@hotmail.com','pbkdf2_sha256$10000$oqhMxxfSS3Qj$zCkzPJvsLVFSX5MlrtBuZyrvGLul752+LWdv24TvRUs=',1,1,0,'2014-06-17 13:50:13','2014-05-14 15:29:25'),(3,'may','mayra','Hernandez Hernandez','mayra@hdez.com','pbkdf2_sha256$10000$InvyNw5mnbvs$PHrpEo+hDarpqMFlaxhggaSneEGv5zpBIMjbebNM3no=',1,1,0,'2014-05-14 17:10:35','2014-05-14 15:34:29'),(4,'licha','bertha alicia','olivares Perez','licha@licha.com','pbkdf2_sha256$10000$ecgsYuDo1Q8l$SIWsl2tw9BKvRtjZKUAzoNyWQEgae+JgCMoK8TJ/fIY=',0,1,0,'2014-05-14 23:13:16','2014-05-14 23:13:16'),(5,'francia','Juan Jose','Islas Delagadillo','ejemplo@ejemplo.com','pbkdf2_sha256$10000$hXCIobVVPj3Z$0PV95tu2R0B4vZ4nh9RjUxWLRt9UEDN6jaQPwDBI47M=',1,1,0,'2014-05-16 15:02:32','2014-05-16 15:00:18'),(6,'mario','mario alberto','Hernandez Hernandez','mario@mario.com','pbkdf2_sha256$10000$DhcybiaVFRhH$DJOOk7kE4/xFU9bYW3rpnN+J3vGcg2+n9qg1g+8QIhw=',1,1,0,'2014-06-18 02:26:08','2014-06-15 17:40:00'),(7,'mary','maria ','de jesus de jesus','maria@maria.com','pbkdf2_sha256$10000$MAUyB2JZ3pMm$uDxhalLHP7ewHkMKPOjAlw0RtPBF/C5eJZwyWqvOv2U=',1,1,0,'2014-06-18 00:17:11','2014-06-18 00:16:44');
/*!40000 ALTER TABLE `auth_user` ENABLE KEYS */;
UNLOCK TABLES;

--
-- Table structure for table `auth_user_groups`
--

DROP TABLE IF EXISTS `auth_user_groups`;
/*!40101 SET @saved_cs_client     = @@character_set_client */;
/*!40101 SET character_set_client = utf8 */;
CREATE TABLE `auth_user_groups` (
  `id` int(11) NOT NULL AUTO_INCREMENT,
  `user_id` int(11) NOT NULL,
  `group_id` int(11) NOT NULL,
  PRIMARY KEY (`id`),
  UNIQUE KEY `user_id` (`user_id`,`group_id`),
  KEY `auth_user_groups_403f60f` (`user_id`),
  KEY `auth_user_groups_425ae3c4` (`group_id`),
  CONSTRAINT `group_id_refs_id_f116770` FOREIGN KEY (`group_id`) REFERENCES `auth_group` (`id`),
  CONSTRAINT `user_id_refs_id_7ceef80f` FOREIGN KEY (`user_id`) REFERENCES `auth_user` (`id`)
) ENGINE=InnoDB DEFAULT CHARSET=latin1;
/*!40101 SET character_set_client = @saved_cs_client */;

--
-- Dumping data for table `auth_user_groups`
--

LOCK TABLES `auth_user_groups` WRITE;
/*!40000 ALTER TABLE `auth_user_groups` DISABLE KEYS */;
/*!40000 ALTER TABLE `auth_user_groups` ENABLE KEYS */;
UNLOCK TABLES;

--
-- Table structure for table `auth_user_user_permissions`
--

DROP TABLE IF EXISTS `auth_user_user_permissions`;
/*!40101 SET @saved_cs_client     = @@character_set_client */;
/*!40101 SET character_set_client = utf8 */;
CREATE TABLE `auth_user_user_permissions` (
  `id` int(11) NOT NULL AUTO_INCREMENT,
  `user_id` int(11) NOT NULL,
  `permission_id` int(11) NOT NULL,
  PRIMARY KEY (`id`),
  UNIQUE KEY `user_id` (`user_id`,`permission_id`),
  KEY `auth_user_user_permissions_403f60f` (`user_id`),
  KEY `auth_user_user_permissions_1e014c8f` (`permission_id`),
  CONSTRAINT `permission_id_refs_id_67e79cb` FOREIGN KEY (`permission_id`) REFERENCES `auth_permission` (`id`),
  CONSTRAINT `user_id_refs_id_dfbab7d` FOREIGN KEY (`user_id`) REFERENCES `auth_user` (`id`)
) ENGINE=InnoDB DEFAULT CHARSET=latin1;
/*!40101 SET character_set_client = @saved_cs_client */;

--
-- Dumping data for table `auth_user_user_permissions`
--

LOCK TABLES `auth_user_user_permissions` WRITE;
/*!40000 ALTER TABLE `auth_user_user_permissions` DISABLE KEYS */;
/*!40000 ALTER TABLE `auth_user_user_permissions` ENABLE KEYS */;
UNLOCK TABLES;

--
-- Table structure for table `categoria_categoria`
--

DROP TABLE IF EXISTS `categoria_categoria`;
/*!40101 SET @saved_cs_client     = @@character_set_client */;
/*!40101 SET character_set_client = utf8 */;
CREATE TABLE `categoria_categoria` (
  `id` int(11) NOT NULL AUTO_INCREMENT,
  `nombre_categoria` varchar(200) NOT NULL,
  `status` tinyint(1) NOT NULL,
  PRIMARY KEY (`id`)
) ENGINE=InnoDB AUTO_INCREMENT=11 DEFAULT CHARSET=latin1;
/*!40101 SET character_set_client = @saved_cs_client */;

--
-- Dumping data for table `categoria_categoria`
--

LOCK TABLES `categoria_categoria` WRITE;
/*!40000 ALTER TABLE `categoria_categoria` DISABLE KEYS */;
INSERT INTO `categoria_categoria` VALUES (1,'Medicamento de patente',1),(2,'Medicamento Generico',1),(3,'Perfumeria',1),(4,'Material De curacion',1),(6,'Abarrotes',1),(8,'Formulas Lacteas',1),(9,'sin codigos de barras',1),(10,'tarjetas telefonicas',1);
/*!40000 ALTER TABLE `categoria_categoria` ENABLE KEYS */;
UNLOCK TABLES;

--
-- Table structure for table `compania_compania`
--

DROP TABLE IF EXISTS `compania_compania`;
/*!40101 SET @saved_cs_client     = @@character_set_client */;
/*!40101 SET character_set_client = utf8 */;
CREATE TABLE `compania_compania` (
  `id` int(11) NOT NULL AUTO_INCREMENT,
  `nombre_compania` varchar(200) NOT NULL,
  `status` tinyint(1) NOT NULL,
  PRIMARY KEY (`id`)
) ENGINE=InnoDB AUTO_INCREMENT=26 DEFAULT CHARSET=latin1;
/*!40101 SET character_set_client = @saved_cs_client */;

--
-- Dumping data for table `compania_compania`
--

LOCK TABLES `compania_compania` WRITE;
/*!40000 ALTER TABLE `compania_compania` DISABLE KEYS */;
INSERT INTO `compania_compania` VALUES (1,'Barcel',1),(2,'Coca Cola',1),(3,'pepsi',1),(4,'Sonrics',1),(5,'lala',1),(6,'Casa Saba',1),(7,'marzam',1),(8,'jumex',1),(9,'adams',1),(10,'neo medical',1),(11,'sardel',1),(12,'ofaza',1),(13,'levic',1),(14,'farmater',1),(15,'gamessa',1),(16,'telcel',1),(17,'multifon',1),(20,'almacenes poza rica',1),(21,'sabritas',1),(22,'almacenes alamo',1),(23,'ricolino',1),(24,'compañias no definidas',1),(25,'Delta',1);
/*!40000 ALTER TABLE `compania_compania` ENABLE KEYS */;
UNLOCK TABLES;

--
-- Table structure for table `django_admin_log`
--

DROP TABLE IF EXISTS `django_admin_log`;
/*!40101 SET @saved_cs_client     = @@character_set_client */;
/*!40101 SET character_set_client = utf8 */;
CREATE TABLE `django_admin_log` (
  `id` int(11) NOT NULL AUTO_INCREMENT,
  `action_time` datetime NOT NULL,
  `user_id` int(11) NOT NULL,
  `content_type_id` int(11) DEFAULT NULL,
  `object_id` longtext,
  `object_repr` varchar(200) NOT NULL,
  `action_flag` smallint(5) unsigned NOT NULL,
  `change_message` longtext NOT NULL,
  PRIMARY KEY (`id`),
  KEY `django_admin_log_403f60f` (`user_id`),
  KEY `django_admin_log_1bb8f392` (`content_type_id`),
  CONSTRAINT `content_type_id_refs_id_288599e6` FOREIGN KEY (`content_type_id`) REFERENCES `django_content_type` (`id`),
  CONSTRAINT `user_id_refs_id_c8665aa` FOREIGN KEY (`user_id`) REFERENCES `auth_user` (`id`)
) ENGINE=InnoDB AUTO_INCREMENT=15 DEFAULT CHARSET=latin1;
/*!40101 SET character_set_client = @saved_cs_client */;

--
-- Dumping data for table `django_admin_log`
--

LOCK TABLES `django_admin_log` WRITE;
/*!40000 ALTER TABLE `django_admin_log` DISABLE KEYS */;
INSERT INTO `django_admin_log` VALUES (1,'2014-05-14 15:06:39',1,11,'7','coca',3,''),(2,'2014-05-14 15:06:39',1,11,'5','bimbo',3,''),(3,'2014-05-14 15:21:28',1,12,'19','rexona',3,''),(4,'2014-05-14 15:21:28',1,12,'18','axe',3,''),(5,'2014-05-14 21:20:02',1,13,'2','huevo',3,''),(6,'2014-05-14 21:20:02',1,13,'1','hielos',3,''),(7,'2014-05-14 21:20:02',1,13,'07432354','bubu lubu',3,''),(8,'2014-05-15 14:31:15',1,13,'7503000033045','telcel 100',3,''),(9,'2014-05-15 14:31:15',1,13,'701388037338','telcel 100',3,''),(10,'2014-05-15 14:31:15',1,13,'701388037337','telcel 100',3,''),(11,'2014-05-15 14:31:15',1,13,'701388037336','telcel 100',3,''),(12,'2014-05-15 14:31:15',1,13,'701388037335','telcel 100',3,''),(13,'2014-05-15 14:31:15',1,13,'701388037333','telcel 100',3,''),(14,'2014-06-05 14:52:57',1,3,'1','admin',2,'Modificado/a password, first_name y last_name.');
/*!40000 ALTER TABLE `django_admin_log` ENABLE KEYS */;
UNLOCK TABLES;

--
-- Table structure for table `django_content_type`
--

DROP TABLE IF EXISTS `django_content_type`;
/*!40101 SET @saved_cs_client     = @@character_set_client */;
/*!40101 SET character_set_client = utf8 */;
CREATE TABLE `django_content_type` (
  `id` int(11) NOT NULL AUTO_INCREMENT,
  `name` varchar(100) NOT NULL,
  `app_label` varchar(100) NOT NULL,
  `model` varchar(100) NOT NULL,
  PRIMARY KEY (`id`),
  UNIQUE KEY `app_label` (`app_label`,`model`)
) ENGINE=InnoDB AUTO_INCREMENT=21 DEFAULT CHARSET=latin1;
/*!40101 SET character_set_client = @saved_cs_client */;

--
-- Dumping data for table `django_content_type`
--

LOCK TABLES `django_content_type` WRITE;
/*!40000 ALTER TABLE `django_content_type` DISABLE KEYS */;
INSERT INTO `django_content_type` VALUES (1,'permission','auth','permission'),(2,'group','auth','group'),(3,'user','auth','user'),(4,'content type','contenttypes','contenttype'),(5,'session','sessions','session'),(6,'site','sites','site'),(7,'log entry','admin','logentry'),(8,'farmacia','home','farmacia'),(9,'personal','Personal','personal'),(10,'proveedores','proveedores','proveedores'),(11,'categoria','categoria','categoria'),(12,'compania','compania','compania'),(13,'producto','productos','producto'),(14,'mejor_proveedor','productos','mejor_proveedor'),(15,'producto sin codigo','productos','productosincodigo'),(16,'mercancia','mercancia','mercancia'),(17,'tabla_temporal','ventas','tabla_temporal'),(18,'venta','ventas','venta'),(19,'productos_vendidos','ventas','productos_vendidos'),(20,'pc','pc','pc');
/*!40000 ALTER TABLE `django_content_type` ENABLE KEYS */;
UNLOCK TABLES;

--
-- Table structure for table `django_session`
--

DROP TABLE IF EXISTS `django_session`;
/*!40101 SET @saved_cs_client     = @@character_set_client */;
/*!40101 SET character_set_client = utf8 */;
CREATE TABLE `django_session` (
  `session_key` varchar(40) NOT NULL,
  `session_data` longtext NOT NULL,
  `expire_date` datetime NOT NULL,
  PRIMARY KEY (`session_key`),
  KEY `django_session_3da3d3d8` (`expire_date`)
) ENGINE=InnoDB DEFAULT CHARSET=latin1;
/*!40101 SET character_set_client = @saved_cs_client */;

--
-- Dumping data for table `django_session`
--

LOCK TABLES `django_session` WRITE;
/*!40000 ALTER TABLE `django_session` DISABLE KEYS */;
INSERT INTO `django_session` VALUES ('2419fdceb4f98a6edc989ae0af651f36','N2Q0Yzc2MzU2NWU4ZDU2NGU0OWJmMzBhZDM0NzdkZjEzZTc3Zjg5MTqAAn1xAShVEl9hdXRoX3Vz\nZXJfYmFja2VuZHECVSlkamFuZ28uY29udHJpYi5hdXRoLmJhY2tlbmRzLk1vZGVsQmFja2VuZHED\nVQ1fYXV0aF91c2VyX2lkcQSKAQF1Lg==\n','2014-05-29 16:55:21'),('24ff8da49cad51be971d94e560af96c3','YjRiN2ZmZTJiOGEyODBjYWJjZjFkYjc1ODYwNWI1ZDFlYTA1MDI0MDqAAn1xAShVEl9hdXRoX3Vz\nZXJfYmFja2VuZHECVSlkamFuZ28uY29udHJpYi5hdXRoLmJhY2tlbmRzLk1vZGVsQmFja2VuZHED\nVQ1fYXV0aF91c2VyX2lkcQSKAQJ1Lg==\n','2014-07-01 13:50:13'),('74646544f0d6728ad27e2805e1fc9cad','N2Q0Yzc2MzU2NWU4ZDU2NGU0OWJmMzBhZDM0NzdkZjEzZTc3Zjg5MTqAAn1xAShVEl9hdXRoX3Vz\nZXJfYmFja2VuZHECVSlkamFuZ28uY29udHJpYi5hdXRoLmJhY2tlbmRzLk1vZGVsQmFja2VuZHED\nVQ1fYXV0aF91c2VyX2lkcQSKAQF1Lg==\n','2014-07-02 02:20:00'),('760269ce6b7c8b9e48270cb728630c3a','N2Q0Yzc2MzU2NWU4ZDU2NGU0OWJmMzBhZDM0NzdkZjEzZTc3Zjg5MTqAAn1xAShVEl9hdXRoX3Vz\nZXJfYmFja2VuZHECVSlkamFuZ28uY29udHJpYi5hdXRoLmJhY2tlbmRzLk1vZGVsQmFja2VuZHED\nVQ1fYXV0aF91c2VyX2lkcQSKAQF1Lg==\n','2014-07-02 02:41:22'),('801cdbf5b2115f8d68c5c775b4be9908','MjgzMjI1MGM1NTMwMjNlZGE4OTk5NDBkZjc1YzgzZjlkODVjNzFlYjqAAn1xAS4=\n','2014-06-29 17:12:37'),('80cad03010f10c693125bd109fd7cbdd','N2Q0Yzc2MzU2NWU4ZDU2NGU0OWJmMzBhZDM0NzdkZjEzZTc3Zjg5MTqAAn1xAShVEl9hdXRoX3Vz\nZXJfYmFja2VuZHECVSlkamFuZ28uY29udHJpYi5hdXRoLmJhY2tlbmRzLk1vZGVsQmFja2VuZHED\nVQ1fYXV0aF91c2VyX2lkcQSKAQF1Lg==\n','2014-05-30 13:55:40'),('89b9dce366db2a9700282f3b0cbfaab3','MjgzMjI1MGM1NTMwMjNlZGE4OTk5NDBkZjc1YzgzZjlkODVjNzFlYjqAAn1xAS4=\n','2014-07-01 02:32:20'),('92dddd0258e79fec15693d047f40b933','NzRlYTU2OWIyNGJjYjMzYzlkMmMyNWIyZTg1NjVkODRiNDRlYWVhYTqAAn1xAVUKdGVzdGNvb2tp\nZXECVQZ3b3JrZWRxA3Mu\n','2014-06-19 14:55:33'),('a2f5d7a58233e4f98b2de3905471f8ea','YTRjNmQ2ZDdhZmYwYzc5MWU2YmU0Y2ExZTFmMmFlOTkwMmNiMmY1ZjqAAn1xAShVEl9hdXRoX3Vz\nZXJfYmFja2VuZHECVSlkamFuZ28uY29udHJpYi5hdXRoLmJhY2tlbmRzLk1vZGVsQmFja2VuZHED\nVQ1fYXV0aF91c2VyX2lkcQSKAQZ1Lg==\n','2014-06-30 17:37:45'),('a31594b57793a192ebd76ade0a299199','YTRjNmQ2ZDdhZmYwYzc5MWU2YmU0Y2ExZTFmMmFlOTkwMmNiMmY1ZjqAAn1xAShVEl9hdXRoX3Vz\nZXJfYmFja2VuZHECVSlkamFuZ28uY29udHJpYi5hdXRoLmJhY2tlbmRzLk1vZGVsQmFja2VuZHED\nVQ1fYXV0aF91c2VyX2lkcQSKAQZ1Lg==\n','2014-07-01 23:51:49'),('a3b8c05af5496135a49c7108930b482a','NzRlYTU2OWIyNGJjYjMzYzlkMmMyNWIyZTg1NjVkODRiNDRlYWVhYTqAAn1xAVUKdGVzdGNvb2tp\nZXECVQZ3b3JrZWRxA3Mu\n','2014-05-28 19:09:19'),('a9c4bdf70ecc471695f128ef596ab4e3','MjgzMjI1MGM1NTMwMjNlZGE4OTk5NDBkZjc1YzgzZjlkODVjNzFlYjqAAn1xAS4=\n','2014-06-02 00:29:03'),('b5b55e99f8bc03c2924e03a3c72f4826','MjgzMjI1MGM1NTMwMjNlZGE4OTk5NDBkZjc1YzgzZjlkODVjNzFlYjqAAn1xAS4=\n','2014-05-30 15:03:26'),('e6c9ceee1ea2c58dda630f696802e5b4','MjgzMjI1MGM1NTMwMjNlZGE4OTk5NDBkZjc1YzgzZjlkODVjNzFlYjqAAn1xAS4=\n','2014-06-17 18:01:02'),('f856446cacff32e314325e011c214158','N2Q0Yzc2MzU2NWU4ZDU2NGU0OWJmMzBhZDM0NzdkZjEzZTc3Zjg5MTqAAn1xAShVEl9hdXRoX3Vz\nZXJfYmFja2VuZHECVSlkamFuZ28uY29udHJpYi5hdXRoLmJhY2tlbmRzLk1vZGVsQmFja2VuZHED\nVQ1fYXV0aF91c2VyX2lkcQSKAQF1Lg==\n','2014-05-28 20:17:57');
/*!40000 ALTER TABLE `django_session` ENABLE KEYS */;
UNLOCK TABLES;

--
-- Table structure for table `django_site`
--

DROP TABLE IF EXISTS `django_site`;
/*!40101 SET @saved_cs_client     = @@character_set_client */;
/*!40101 SET character_set_client = utf8 */;
CREATE TABLE `django_site` (
  `id` int(11) NOT NULL AUTO_INCREMENT,
  `domain` varchar(100) NOT NULL,
  `name` varchar(50) NOT NULL,
  PRIMARY KEY (`id`)
) ENGINE=InnoDB AUTO_INCREMENT=2 DEFAULT CHARSET=latin1;
/*!40101 SET character_set_client = @saved_cs_client */;

--
-- Dumping data for table `django_site`
--

LOCK TABLES `django_site` WRITE;
/*!40000 ALTER TABLE `django_site` DISABLE KEYS */;
INSERT INTO `django_site` VALUES (1,'example.com','example.com');
/*!40000 ALTER TABLE `django_site` ENABLE KEYS */;
UNLOCK TABLES;

--
-- Table structure for table `home_farmacia`
--

DROP TABLE IF EXISTS `home_farmacia`;
/*!40101 SET @saved_cs_client     = @@character_set_client */;
/*!40101 SET character_set_client = utf8 */;
CREATE TABLE `home_farmacia` (
  `id` int(11) NOT NULL AUTO_INCREMENT,
  `nombre` varchar(200) NOT NULL,
  `direccion` varchar(200) NOT NULL,
  `telefono` varchar(200) NOT NULL,
  `status` tinyint(1) NOT NULL,
  PRIMARY KEY (`id`)
) ENGINE=InnoDB AUTO_INCREMENT=2 DEFAULT CHARSET=latin1;
/*!40101 SET character_set_client = @saved_cs_client */;

--
-- Dumping data for table `home_farmacia`
--

LOCK TABLES `home_farmacia` WRITE;
/*!40000 ALTER TABLE `home_farmacia` DISABLE KEYS */;
INSERT INTO `home_farmacia` VALUES (1,'Farmacia Y Minisuper El pastillero','Calle Pinos Suarez s/n Colonia Centro','',1);
/*!40000 ALTER TABLE `home_farmacia` ENABLE KEYS */;
UNLOCK TABLES;

--
-- Table structure for table `mercancia_mercancia`
--

DROP TABLE IF EXISTS `mercancia_mercancia`;
/*!40101 SET @saved_cs_client     = @@character_set_client */;
/*!40101 SET character_set_client = utf8 */;
CREATE TABLE `mercancia_mercancia` (
  `id` int(11) NOT NULL AUTO_INCREMENT,
  `producto_id` varchar(200) NOT NULL,
  `personal_id` int(11) NOT NULL,
  `proveedor_id` int(11) NOT NULL,
  `categoria_id` int(11) NOT NULL,
  `compania_id` int(11) NOT NULL,
  `piezas_compra` int(11) NOT NULL,
  `fecha_caducidad` date NOT NULL,
  `fecha_ingreso` datetime NOT NULL,
  `precio_sugerido` double DEFAULT NULL,
  `precio_farmacia` double DEFAULT NULL,
  `descuento_compra` int(11) DEFAULT NULL,
  `precio_compra` double NOT NULL,
  `descuento_venta` int(11) DEFAULT NULL,
  `ganancia` double DEFAULT NULL,
  `precio_venta` double NOT NULL,
  `iva` int(11) DEFAULT NULL,
  `factura` varchar(200) DEFAULT NULL,
  PRIMARY KEY (`id`),
  KEY `mercancia_mercancia_2d3cc3fc` (`producto_id`),
  KEY `mercancia_mercancia_ef058c4` (`personal_id`),
  KEY `mercancia_mercancia_1722107b` (`proveedor_id`),
  KEY `mercancia_mercancia_64c3c188` (`categoria_id`),
  KEY `mercancia_mercancia_2a71e362` (`compania_id`),
  CONSTRAINT `categoria_id_refs_id_65aadbcf` FOREIGN KEY (`categoria_id`) REFERENCES `categoria_categoria` (`id`),
  CONSTRAINT `compania_id_refs_id_78e54137` FOREIGN KEY (`compania_id`) REFERENCES `compania_compania` (`id`),
  CONSTRAINT `personal_id_refs_id_202cf85f` FOREIGN KEY (`personal_id`) REFERENCES `Personal_personal` (`id`),
  CONSTRAINT `producto_id_refs_codigo_201a2b8f` FOREIGN KEY (`producto_id`) REFERENCES `productos_producto` (`codigo`),
  CONSTRAINT `proveedor_id_refs_id_78e807e5` FOREIGN KEY (`proveedor_id`) REFERENCES `proveedores_proveedores` (`id`)
) ENGINE=InnoDB AUTO_INCREMENT=671 DEFAULT CHARSET=latin1;
/*!40101 SET character_set_client = @saved_cs_client */;

--
-- Dumping data for table `mercancia_mercancia`
--

LOCK TABLES `mercancia_mercancia` WRITE;
/*!40000 ALTER TABLE `mercancia_mercancia` DISABLE KEYS */;
INSERT INTO `mercancia_mercancia` VALUES (2,'07432354',2,2,6,23,20,'2014-10-01','2014-05-14 23:20:53',NULL,NULL,NULL,4.34,NULL,NULL,6,0,'vgba1128974'),(10,'7503000033045',2,3,10,6,7,'2015-07-30','2014-05-15 15:01:43',NULL,NULL,NULL,95,NULL,NULL,100,NULL,''),(11,'7501361692970',2,3,1,6,1,'2015-01-31','2014-05-15 16:21:29',430.29,298.21,0,298.21,28,12,310,0,'LI-156795'),(12,'7501174607024',2,3,1,6,1,'2015-06-08','2014-05-15 17:05:07',438.28,305,0,305,25,24,329,0,'LI-156795'),(13,'7501122961413',2,3,1,6,1,'2015-10-10','2014-05-15 17:14:44',256.97,160.55,8,147.706,28,25,185,0,'LI-156795'),(14,'7501123011209',2,3,1,6,1,'2017-01-31','2014-05-15 17:37:10',558.88,418.96,8,385.4432,22,18,436,0,'LI-156795'),(15,'7501050612067',2,3,1,6,2,'2014-12-01','2014-05-15 17:47:11',268.16,175.91,18,144.2462,22,35,210,0,'LI-156795'),(16,'7501124103323',2,3,1,6,1,'2016-02-29','2014-05-15 17:50:57',150,100.86,18,82.7052,25,13,113,0,'LI-156795'),(17,'7501298211442',2,3,1,6,2,'2015-09-30','2014-05-15 18:22:08',91.56,51.03,0,51.03,28,15,66,0,'LI-156795'),(18,'7501064560156',2,3,1,6,2,'2016-10-31','2014-05-15 18:30:19',47.01,28.3,0,28.3,20,10,38,0,'LI-156795'),(19,'736085132069',2,3,1,6,2,'2016-08-03','2014-05-15 19:10:22',56.01,37.19,8,34.2148,15,11,48,0,'LI-156795'),(20,'7501033920745',2,3,1,6,1,'2015-07-21','2014-05-15 19:22:40',330.15,213.94,0,213.94,30,18,231,0,'LI-156795'),(21,'7501034665553',2,3,1,6,10,'2015-08-31','2014-05-15 19:28:39',60.39,41.58,18,34.0956,15,10,51,0,'LI-156795'),(22,'7501159551014',2,3,1,6,1,'2015-08-31','2014-05-15 20:44:26',482.37,336.63,0,336.63,28,11,347,0,'LI-156795'),(23,'650240007408',2,3,1,6,4,'2015-05-31','2014-05-15 20:50:21',45,38.25,0,38.25,0,7,45,0,'LI-156795'),(24,'7501287630124',2,3,1,6,1,'2017-05-31','2014-05-15 20:54:28',113.44,74.41,18,61.0162,25,11,85,0,'LI-156795'),(25,'7501072300133',2,3,1,6,2,'2017-01-31','2014-05-15 20:58:51',74.13,44.93,0,44.93,22,14,58,0,'LI-156795'),(26,'7501100088217',2,3,1,6,1,'2015-11-30','2014-05-15 21:01:24',53.13,34.34,0,34.34,15,12,46,0,'LI-156795'),(27,'7501089810403',2,3,1,6,1,'2015-04-30','2014-05-15 21:08:42',371.4,240.67,0,240.67,30,20,260,0,'LI-156795'),(28,'7501109904792',2,3,1,6,5,'2014-12-31','2014-05-15 21:14:36',108.64,73.52,0,73.52,22,12,85,0,'LI-156795'),(29,'7501037946246',2,3,1,6,1,'2016-10-31','2014-05-15 21:21:15',1032.9,711.04,18,583.0528,28,32,743,0,'LI-156795'),(30,'7501109902866',2,3,1,6,5,'2015-12-31','2014-05-15 21:31:01',93.75,60.6,0,60.6,22,13,73,0,'LI-156795'),(31,'7501034650559',2,3,1,6,3,'2015-06-30','2014-05-15 21:38:17',145.42,91,18,74.62,22,23,114,0,'LI-156795'),(32,'7501446000553',2,3,1,6,1,'2016-03-31','2014-05-15 21:48:54',27.1,17.33,18,14.2106,0,10,27,0,'LI-154348'),(33,'7730979094092',2,3,1,6,1,'2015-05-31','2014-05-15 22:08:26',840,563.92,0,563.92,30,25,588,0,'LI-154348'),(34,'650240003974',2,3,1,6,1,'2015-03-31','2014-05-15 22:20:36',210,153.81,0,153.81,0,NULL,209,16,'LI-154348'),(35,'7501124109929',2,3,1,6,1,'2017-07-31','2014-05-15 22:28:04',150,100.86,18,82.7052,25,13,113,0,'LI-154348'),(36,'7501050625395',2,3,1,6,5,'2015-10-10','2014-05-15 22:31:02',33.54,21.59,18,17.7038,20,6,27,0,'LI-154348'),(37,'7501324402356',2,3,1,6,1,'2016-04-30','2014-05-15 22:36:30',217,129,25,96.75,28,28,157,0,'LI-154348'),(38,'7501165000278',2,3,1,6,2,'2016-07-31','2014-05-15 22:40:19',110.79,77.32,0,77.32,20,11,88,0,'LI-154348'),(39,'7501108766797',2,3,1,6,1,'2015-09-30','2014-05-15 22:50:24',169.81,110.7,18,90.774,28,12,122,0,'LI-154348'),(40,'7501324402394',2,3,1,6,1,'2015-04-30','2014-05-15 22:59:39',453,267,26,197.58,30,51,318,0,'LI-154348'),(41,'7501094911485',2,3,1,6,1,'2015-05-31','2014-05-15 23:02:08',99.59,64.93,18,53.2426,22,14,78,0,'LI-154348'),(42,'7501324403070',2,3,1,6,1,'2015-07-31','2014-05-15 23:05:09',294,173,26,128.02,28,39,212,0,'LI-154348'),(43,'7501050630023',2,3,1,6,3,'2015-09-07','2014-05-15 23:08:10',97.05,54.97,18,45.0754,25,19,73,0,'LI-154348'),(44,'650240001314',2,3,1,6,1,'2015-03-31','2014-05-15 23:19:35',345.5,293.68,0,293.68,0,52,345,0,'LI-154348'),(45,'650240015762',2,3,3,6,2,'2015-08-19','2014-05-17 13:16:21',89.1,69.9,0,69.9,0,20,89,16,'LI-154558'),(46,'650240010583',2,3,3,6,2,'2015-05-21','2014-05-17 13:27:20',89.1,69.9,0,69.9,0,20,89,16,'LI-154558'),(47,'650240009549',2,3,3,6,1,'2015-10-14','2014-05-17 13:35:32',89.1,69.9,0,69.9,0,20,89,16,'LI-154558'),(48,'7501287678034',2,3,1,6,2,'2018-02-28','2014-05-17 14:14:17',198.13,129.98,18,106.5836,28,14,143,0,'LI-158319'),(49,'300055501331',2,3,1,6,2,'2015-08-31','2014-05-17 14:21:00',107.43,70.04,18,57.4328,25,11,81,0,'LI-158319'),(50,'7501108761860',2,3,1,6,1,'2015-04-30','2014-05-17 14:30:21',157.23,102.5,18,84.05,28,11,113,0,'LI-158319'),(51,'7501165006683',2,3,1,6,1,'2015-07-31','2014-05-17 14:37:10',314.34,219.37,0,219.37,25,17,236,0,'LI-158319'),(52,'7501050617079',2,3,1,6,5,'2015-05-01','2014-05-17 14:42:37',50.06,32.23,18,26.4286,20,8,40,0,'LI-158319'),(53,'7501050610704',2,3,1,6,2,'2015-11-01','2014-05-17 14:47:21',328.71,215.64,18,176.8248,30,15,230,0,'LI-158319'),(54,'7501299301111',2,3,1,6,2,'2016-06-02','2014-05-17 17:28:58',100,65.55,18,53.751,22,13,78,0,'LI-158319'),(55,'7501108767527',2,3,1,6,2,'2015-05-01','2014-05-17 20:40:39',76.73,50.02,18,41.0164,20,11,61,0,'LI-160578'),(56,'7501064550980',2,3,1,6,1,'2015-05-01','2014-05-18 17:46:26',258.67,168.89,0,168.89,28,18,186,0,'LI-160578'),(57,'7502235760108',2,3,1,6,1,'2015-10-31','2014-05-18 17:49:30',252,165.64,0,165.64,28,17,182,0,'LI-160578'),(58,'7502209290075',2,3,1,6,1,'2016-01-31','2014-05-18 17:51:35',610.79,400.68,18,328.5576,30,27,427,0,'LI-160578'),(59,'7501008433515',2,3,1,6,4,'2015-11-30','2014-05-18 17:54:33',83,56.59,18,46.4038,20,11,67,0,'LI-160578'),(60,'7501037910063',2,3,1,6,1,'2015-10-01','2014-05-18 17:57:01',355.97,245.05,18,200.941,28,11,256,0,'LI-160578'),(61,'7501037905588',2,3,1,6,1,'2015-08-31','2014-05-18 17:59:07',653.46,449.84,18,368.8688,28,22,471,0,'LI-160578'),(62,'7501033920325',2,3,1,6,1,'2015-12-04','2014-05-18 18:01:34',357,234.19,18,192.0358,30,16,250,0,'LI-160578'),(63,'7896116861566',2,3,1,6,1,'2017-12-31','2014-05-18 18:10:11',321,241.87,10,217.68,20,16,257,0,'LI-160578'),(64,'7501298244808',2,3,1,6,1,'2016-01-01','2014-05-18 18:21:29',413.35,266.07,0,266.07,30,23,289,0,'LI-160578'),(65,'7501165007659',2,3,1,6,1,'2016-10-31','2014-05-18 18:25:55',136,81.51,0,81.51,28,17,98,0,'LI-160578'),(66,'7501064560163',2,3,1,6,2,'2018-12-31','2014-05-18 18:33:37',54.16,32.71,18,26.8222,20,12,44,0,'LI-160578'),(67,'7501165000209',2,3,1,6,1,'2015-09-30','2014-05-18 18:50:13',113.67,79.33,0,79.33,22,9,88,0,'LI-160578'),(68,'7501008485408',2,3,1,6,10,'2015-12-31','2014-05-18 19:40:41',31,21.14,18,17.3348,20,4,25,0,'LI-160578'),(69,'7501008486320',2,3,1,6,4,'2015-11-30','2014-05-18 19:57:25',37,25.23,18,20.6886,20,5,30,0,'LI-160578'),(70,'070501092002',2,3,3,6,1,'2015-06-30','2014-05-18 20:11:42',120,60.6,0,60.6,20,36,96,16,'LI-160578'),(71,'7501328979915',2,3,1,6,1,'2016-01-31','2014-05-18 20:18:52',91.27,63.7,0,63.7,20,10,73,0,'LI-160578'),(72,'7501287630506',2,3,1,6,4,'2015-09-30','2014-05-18 20:24:05',153.89,100.95,18,82.779,28,10,110,0,'LI-160578'),(73,'7501094910570',2,3,1,6,5,'2016-10-31','2014-05-18 20:27:03',99.98,71.29,18,58.4578,21,8,79,0,'LI-160578'),(74,'7501165005839',2,3,1,6,1,'2015-04-30','2014-05-18 20:31:56',740.15,516.53,0,516.53,28,17,533,0,'LI-160578'),(75,'7501037946185',2,3,1,6,1,'2016-10-31','2014-05-18 20:34:29',937.62,645.45,18,529.269,30,11,656,0,'LI-160578'),(76,'7501328978994',2,3,1,6,1,'2015-06-30','2014-05-18 20:42:06',748.73,522.51,0,522.51,28,17,539,0,'LI-160578'),(77,'7501008443033',2,3,1,6,10,'2017-01-31','2014-05-18 21:01:25',28,19.09,18,15.6538,20,4,23,0,'LI-160578'),(78,'7501124103392',2,3,1,6,2,'2015-08-31','2014-05-18 21:04:21',129.9,87.35,18,71.627,25,10,97,0,'LI-160578'),(79,'7501092793045',2,3,1,6,1,'2015-08-31','2014-05-18 21:14:34',169,110.56,0,110.56,28,12,122,0,'LI-160578'),(80,'7501008485057',2,3,1,6,12,'2015-08-14','2014-05-18 21:17:58',55,41.16,10,37.044,20,3,44,0,'LI-160578'),(81,'7590002012468',2,3,1,6,2,'2015-10-31','2014-05-18 21:20:40',65.62,39.99,18,32.7918,0,26,65,NULL,'LI-160578'),(82,'7501086300136',2,3,1,6,4,'2015-10-31','2014-05-18 22:44:29',110.15,70.9,18,58.138,25,13,83,0,'LI-160578'),(83,'7501088505706',2,4,1,7,3,'2015-09-30','2014-05-19 20:39:37',53,35.85,0,35.85,20,8,43,0,'2105796'),(84,'7501088505355',2,4,1,7,4,'2016-03-31','2014-05-19 20:46:34',54,36.52,0,36.52,20,8,44,0,'2105796'),(85,'7501300409584',2,4,1,7,2,'2015-12-31','2014-05-19 21:01:42',247,154.38,0,154.38,28,24,178,0,'2105796'),(86,'7501318646360',2,4,1,7,1,'2017-01-31','2014-05-19 21:17:30',159,119.82,0,119.82,15,17,136,0,'2105796'),(87,'7501008427330',2,4,1,7,1,'2016-10-02','2014-05-20 13:49:51',99,68.31,0,68.31,15,17,85,0,'2105796'),(88,'7501299303085',2,4,1,7,2,'2017-01-31','2014-05-20 13:53:57',59,35.58,0,35.58,20,13,48,0,'2105796'),(89,'748499100022',2,4,1,7,1,'2018-07-18','2014-05-20 13:57:00',350,218,0,218,20,62,280,0,'2105796'),(90,'748499075214',2,4,1,6,1,'2018-11-21','2014-05-20 14:03:29',309.22,192.52,0,192.52,20,56,248,0,'2105796'),(91,'7501159525015',2,4,1,7,3,'2015-08-31','2014-05-20 14:09:08',103,80.18,0,80.18,10,13,93,0,'2105796'),(92,'650240026393',2,4,1,7,1,'2015-12-31','2014-05-20 14:12:29',70,51.22,0,51.22,0,19,70,0,'2105796'),(93,'7501390911011',2,4,1,7,1,'2016-02-29','2014-05-20 14:20:40',162,100.23,0,100.23,28,17,117,0,'2105796'),(94,'041388284316',2,4,1,7,1,'2015-04-30','2014-05-20 14:41:02',159,93.4,0,93.4,28,22,115,0,'2105796'),(95,'7501228300277',2,4,1,7,2,'2015-11-30','2014-05-20 14:45:16',255.12,196.32,0,196.32,15,21,217,0,'2105796'),(96,'650240011085',2,4,1,7,1,'2015-11-30','2014-05-20 14:52:03',150,127.42,0,127.42,0,23,150,0,'2105796'),(97,'7501050612364',2,4,1,7,1,'2016-07-01','2014-05-20 15:00:51',377.64,250.75,0,250.75,28,22,272,0,'2105796'),(98,'7501299301401',2,4,1,6,1,'2016-02-29','2014-05-20 15:08:24',105,69.65,0,69.65,25,10,79,0,'2105796'),(99,'7501041941022',2,4,1,7,2,'2015-05-31','2014-05-20 15:25:03',205.6,139.93,0,139.93,25,15,154,0,'2105796'),(100,'8027950210183',2,4,1,7,2,'2015-09-30','2014-05-20 15:31:51',266.7,139.64,0,139.64,28,53,192,0,'2105796'),(101,'020800753050',2,4,1,7,2,'2015-09-30','2014-05-20 15:40:56',75.9,43.88,0,43.88,25,14,57,0,'2105796'),(102,'7501300408211',2,4,1,7,1,'2016-12-31','2014-05-20 15:43:36',207,37.5,0,37.5,28,113,150,0,'2105796'),(103,'75005689',2,4,1,7,15,'2015-11-30','2014-05-20 15:56:51',55,32.18,0,32.18,20,12,44,0,'2105796'),(104,'75005702',2,4,1,7,15,'2016-03-31','2014-05-20 15:59:22',45,26.33,0,26.33,20,10,36,0,'2105796'),(105,'650240011177',2,4,1,7,1,'2015-11-30','2014-05-20 16:08:14',84,71.32,0,71.32,0,13,84,0,'2105796'),(106,'7501314703227',2,4,1,7,1,'2015-11-30','2014-05-20 16:15:35',290,185.11,0,185.11,28,24,209,0,'2105796'),(107,'650240005398',2,4,1,7,2,'2015-12-31','2014-05-20 16:17:50',73.5,59.41,0,59.41,0,14,73,0,'2105796'),(108,'7501125109928',2,4,1,7,1,'2015-05-31','2014-05-20 16:28:45',121.89,73.72,0,73.72,22,22,95,0,'2105796'),(109,'650240010712',2,4,1,7,3,'2016-01-31','2014-05-20 16:31:02',72.34,42.42,0,42.42,15,20,62,0,'2105796'),(110,'7501314704743',2,4,1,7,1,'2015-12-31','2014-05-20 16:35:57',170,119.36,0,119.36,22,14,133,0,'2105796'),(111,'650240011351',2,4,1,7,3,'2015-05-31','2014-05-20 16:43:20',70,50.92,0,50.92,0,20,70,0,'2105796'),(112,'650240006647',2,4,1,7,1,'2015-10-31','2014-05-20 16:46:05',60,50.92,0,50.92,0,10,60,0,'2105796'),(113,'780083141066',2,5,2,13,3,'2016-03-31','2014-05-22 15:32:50',84,19.32,0,19.32,35,36,55,0,'V241580'),(114,'7501825300120',2,5,2,13,3,'2015-10-31','2014-05-22 15:42:58',55.53,12.77,0,12.77,35,24,36,0,'V241580'),(115,'7501825300885',2,5,2,13,2,'2016-02-29','2014-05-22 15:50:22',61.78,14.21,0,14.21,35,26,40,0,'V241580'),(116,'7501825301561',2,5,2,13,5,'2016-01-31','2014-05-22 15:57:56',99.04,22.78,0,22.78,35,43,65,0,'V241580'),(117,'7501825301578',2,5,2,13,6,'2016-10-31','2014-05-22 16:04:09',74.42,17.12,0,17.12,35,31,48,0,'V241580'),(118,'7501825302599',2,5,2,13,10,'2016-01-31','2014-05-22 16:15:59',121.05,27.84,0,27.84,35,52,79,0,'V241580'),(119,'7502006923572',2,5,2,13,3,'2015-10-31','2014-05-22 16:29:25',45,10.35,0,10.35,35,20,30,0,'V241580'),(120,'1306881052183',2,5,2,13,25,'2016-06-30','2014-05-22 16:50:56',90,34.76,0,34.76,35,25,59,0,'V241580'),(121,'1306881057034',2,5,2,13,5,'2016-02-29','2014-05-22 17:29:18',132,34.76,0,34.76,35,52,86,0,'V241580'),(122,'7501836000972',2,5,2,13,2,'2016-02-29','2014-05-22 17:31:26',63,14.49,0,14.49,35,27,41,0,'V241580'),(123,'7501836003218',2,5,2,13,3,'2016-02-29','2014-05-22 17:45:33',81,18.63,0,18.63,35,35,53,0,'V241580'),(124,'785120754131',2,5,2,13,22,'2016-01-31','2014-05-22 17:49:12',150,32.34,0,32.34,35,66,98,0,'V'),(125,'785120754179',2,5,2,13,5,'2016-02-29','2014-05-22 17:52:22',132,30.36,0,30.36,35,56,86,0,'V241580'),(126,'785118752477',2,5,2,13,5,'2016-02-29','2014-05-22 17:54:04',81,18.63,0,18.63,35,35,53,0,'V241580'),(127,'785118752590',2,5,2,13,10,'2016-01-31','2014-05-22 17:55:40',111,25.53,0,25.53,35,48,73,0,'V241580'),(128,'785120754841',2,5,2,13,4,'2016-03-31','2014-05-22 17:57:04',126,28.98,0,28.98,35,54,82,0,'V241580'),(129,'7503000422627',2,5,2,13,10,'2015-10-31','2014-05-22 17:58:32',93,21.39,0,21.39,35,40,61,0,'V241580'),(130,'7502001165014',2,5,2,13,2,'2016-03-31','2014-05-22 18:00:35',95,21.85,0,21.85,35,41,62,0,'V241580'),(131,'7502001163751',2,5,2,13,7,'2015-08-31','2014-05-22 18:02:27',92.5,21.28,0,21.28,35,39,60,0,'V241580'),(132,'7502001165120',2,5,2,13,6,'2016-02-29','2014-05-22 18:07:29',95,21.85,0,21.85,35,41,62,0,'V241580'),(133,'7502001163232',2,5,2,13,10,'2015-10-31','2014-05-22 18:10:02',57,13.11,0,13.11,35,25,38,0,'V241580'),(134,'7502001160385',2,5,2,13,5,'2015-09-30','2014-05-22 18:11:31',57,13.11,0,13.11,35,25,38,0,'V241580'),(135,'7502001160125',2,5,2,13,12,'2015-09-30','2014-05-22 18:14:22',91,20.93,0,20.93,35,40,60,0,'V241614'),(136,'7502001169289',2,5,2,13,18,'2016-10-31','2014-05-22 18:16:03',56,12.88,0,12.88,35,25,37,0,'V241614'),(137,'7502009742132',2,5,2,13,6,'2015-08-31','2014-05-22 18:18:07',84,19.32,0,19.32,35,36,55,0,'V241614'),(138,'7502223552418',2,5,2,13,5,'2015-08-31','2014-05-22 18:19:49',130,29.9,0,29.9,35,56,85,0,'V241614'),(139,'7502223553675',2,5,2,13,15,'2015-02-28','2014-05-22 18:21:11',60,9.86,0,9.86,35,30,39,0,'V241614'),(140,'7501075710724',2,5,2,13,3,'2017-02-28','2014-05-22 18:22:32',55,12.65,0,12.65,35,24,36,0,'V241614'),(141,'7502004402352',2,5,2,13,2,'2016-03-31','2014-05-22 18:24:08',162,37.26,0,37.26,35,69,106,0,'V241614'),(142,'7501130713851',2,5,2,13,10,'2015-11-30','2014-05-22 18:25:43',166,43.71,0,43.71,35,65,108,0,'V241614'),(143,'7501109790524',2,5,2,13,11,'2017-01-31','2014-05-22 18:27:14',88.81,23.38,0,23.38,35,34,57,0,'V241614'),(144,'7502003380217',2,5,2,13,13,'2016-06-30','2014-05-22 18:31:25',37.2,8.56,0,8.56,35,16,24,0,'V241614'),(145,'7502003387629',2,5,2,13,19,'2016-09-30','2014-05-22 18:32:51',82.8,19.04,0,19.04,35,35,54,0,'V241614'),(146,'7502003388107',2,5,2,13,2,'2015-06-30','2014-05-22 18:34:48',69,15.87,0,15.87,35,30,45,0,'V241614'),(147,'7502261160057',2,5,2,13,8,'2016-09-30','2014-05-22 18:36:42',190,31.21,0,31.21,35,93,124,0,'V241614'),(148,'714908100242',2,5,2,13,2,'2016-01-31','2014-05-22 18:38:52',115.63,26.6,0,26.6,35,49,75,0,'V241614'),(149,'7502001165526',2,5,2,13,10,'2016-09-30','2014-05-22 18:40:42',51,11.73,0,11.73,35,23,34,0,'V241614'),(150,'7502001165564',2,5,2,13,13,'2015-10-31','2014-05-22 18:42:51',58.5,13.46,0,13.46,35,25,38,0,'V241614'),(151,'7502001169142',2,5,2,13,2,'2016-09-30','2014-05-22 18:44:45',185,42.55,0,42.55,35,79,121,0,'V241614'),(152,'7503000422429',2,5,2,13,4,'2015-12-31','2014-05-22 18:48:03',75,17.25,0,17.25,35,32,49,0,'V241614'),(153,'7503000422436',2,5,2,13,4,'2015-06-30','2014-05-22 18:49:43',123,28.29,0,28.29,35,52,80,0,'V241614'),(154,'7502009740206',2,5,2,13,13,'2016-01-31','2014-05-22 18:55:47',90,20.7,0,20.7,35,39,59,0,'V241614'),(155,'7502009740213',2,5,2,13,11,'2015-11-30','2014-05-22 19:02:19',135,31.05,0,31.05,35,57,88,0,'V241614'),(156,'7502009740497',2,5,2,13,11,'2015-11-30','2014-05-22 20:05:14',84,19.32,0,19.32,35,36,55,0,'V241614'),(157,'7502009740268',2,5,2,13,7,'2016-02-29','2014-05-22 20:23:10',66,15.18,0,15.18,35,28,43,0,'V241580'),(158,'7503000422467',2,5,2,13,9,'2015-07-31','2014-05-22 21:05:22',102,23.46,0,23.46,35,44,67,0,'V241614'),(159,'7502009740657',2,5,2,13,6,'2015-12-31','2014-05-22 21:08:02',69,15.87,0,15.87,35,30,45,0,'V241580'),(160,'7503000422719',2,5,2,13,5,'2016-03-31','2014-05-22 21:18:13',66,15.18,0,15.18,35,28,43,0,'V241614'),(161,'7503000422184',2,5,2,13,5,'2015-09-30','2014-05-22 21:26:13',72,16.56,0,16.56,35,31,47,0,'V241614'),(162,'7503000422191',2,5,2,13,3,'2016-01-31','2014-05-22 21:31:06',108,24.84,0,24.84,35,47,71,0,'V241580'),(163,'7502009740343',2,5,2,13,2,'2016-01-31','2014-05-22 21:33:40',78,17.94,0,17.94,35,34,51,0,'V241580'),(164,'7503000422498',2,5,2,13,5,'2015-11-30','2014-05-22 21:41:31',99,22.77,0,22.77,35,43,65,0,'V241587'),(165,'7502009740978',2,5,2,13,13,'2016-01-31','2014-05-22 21:51:57',135,31.05,0,31.05,35,57,88,0,'V241587'),(166,'7502009740763',2,5,2,13,12,'2016-02-29','2014-05-22 21:58:06',198,45.54,0,45.54,35,84,129,0,'V241587'),(167,'7502009740992',2,5,2,13,14,'2016-03-31','2014-05-22 22:13:18',159,36.57,0,36.57,35,68,104,0,'V241587'),(168,'7502009741470',2,5,2,13,8,'2015-12-31','2014-05-22 22:16:15',168,38.64,0,38.64,35,72,110,0,'V241587'),(169,'7502009740480',2,5,2,13,19,'2016-03-31','2014-05-22 22:18:03',138,31.74,0,31.74,35,59,90,0,'V241587'),(170,'7501342800554',2,5,2,13,6,'2015-11-30','2014-05-24 14:25:19',89,20.47,0,20.47,35,38,58,0,'V241613'),(171,'7503003134268',2,5,2,13,1,'2017-01-31','2014-05-24 14:34:55',150,34.5,0,34.5,35,64,98,0,'V241613'),(172,'7501289541053',2,5,2,13,3,'2015-08-31','2014-05-24 14:40:16',96.65,58.17,0,58.17,35,5,63,0,'V241613'),(173,'7501573900221',2,5,2,13,9,'2016-01-31','2014-05-24 14:44:04',45,10.35,0,10.35,35,20,30,0,'V241613'),(174,'803288480225',2,5,2,13,6,'2016-10-04','2014-05-24 14:46:49',96,22.08,0,22.08,35,41,63,0,'V241613'),(175,'7502208892232',2,5,2,13,4,'2015-11-30','2014-05-24 14:59:57',79.9,17.46,0,17.46,35,35,52,0,'V241613'),(176,'7502208892294',2,5,2,13,6,'2015-11-30','2014-05-24 15:05:37',61.6,14.17,0,14.17,35,26,40,0,'V241613'),(177,'7502208892287',2,5,2,13,6,'2015-10-31','2014-05-24 15:09:03',85.8,19.73,0,19.73,35,36,55,0,'V241613'),(178,'7502208892256',2,5,2,13,55,'2015-11-30','2014-05-24 15:12:05',30,6.07,0,6.07,35,14,20,0,'V241613'),(179,'7501537102173',2,5,2,13,4,'2015-05-12','2014-05-24 15:16:14',24.75,5.69,0,5.69,35,11,16,0,'V241613'),(180,'7501537163266',2,5,2,13,14,'2015-11-27','2014-05-24 15:18:29',140,32.2,0,32.2,35,59,91,0,'V241613'),(181,'780083141929',2,5,2,13,25,'2015-11-30','2014-05-24 15:21:09',72,13.8,0,13.8,35,34,47,0,'V241613'),(182,'780083140663',2,5,2,13,3,'2017-03-31','2014-05-24 15:23:39',72,13.8,0,13.8,35,34,47,0,'V241614'),(183,'780083140595',2,5,2,13,17,'2015-05-31','2014-05-24 15:28:19',102,23.46,0,23.46,35,44,67,0,'V241613'),(184,'7501056355593',2,4,3,7,2,'2016-03-31','2014-05-25 13:31:20',25.5,17.95,0,17.95,0,8,25,16,'2138103'),(185,'7501056359232',2,4,3,7,20,'2016-02-29','2014-05-25 13:36:03',25.5,17.95,0,17.95,0,8,25,16,'2138103'),(186,'7501009000709',2,4,1,7,2,'2018-11-01','2014-05-25 13:42:00',222,148.74,0,148.74,28,12,160,0,'2138103'),(187,'7501384541248',2,4,1,7,1,'2015-11-30','2014-05-25 13:54:03',1005,649.89,0,649.89,30,55,704,0,'2138103'),(188,'736085039603',2,4,1,7,1,'2017-02-04','2014-05-25 14:02:58',69.78,47.02,0,47.02,20,9,56,0,'2138103'),(189,'7501065060587',2,4,1,7,20,'2016-03-31','2014-05-25 14:06:32',44.42,30.05,0,30.05,20,6,36,0,'2138103'),(190,'354312225027',2,4,1,7,3,'2015-04-24','2014-05-25 14:08:53',45,35.52,0,35.52,10,6,41,0,'2138103'),(191,'067238891190',2,4,3,7,3,'2016-05-31','2014-05-25 14:25:09',17,13.08,0,13.08,0,4,17,16,'2138103'),(192,'7501027551306',2,4,3,7,1,'2015-09-30','2014-05-25 14:29:47',25.5,18.66,0,18.66,0,7,25,16,'2138103'),(193,'312547321808',2,4,3,7,2,'2015-12-31','2014-05-25 14:32:20',45,24.77,0,24.77,0,21,45,16,'2138103'),(194,'7501130525133',2,4,3,7,5,'2016-01-29','2014-05-25 14:45:36',15,8.35,0,8.35,0,7,15,16,'2138103'),(195,'7501130510016',2,4,3,6,6,'2016-02-26','2014-05-25 14:53:09',15,8.06,0,8.06,0,7,15,16,'2138103'),(196,'7501035908246',2,4,3,7,5,'2016-04-30','2014-05-25 14:55:37',17,10.34,0,10.34,0,7,17,16,'2138103'),(197,'7509546058818',2,4,3,7,5,'2016-05-31','2014-05-25 14:57:27',13,8.06,0,8.06,0,5,13,16,'2138103'),(198,'7501050652544',2,4,1,7,2,'2017-01-31','2014-05-25 15:02:08',306.29,203.37,0,203.37,30,12,215,0,'2138103'),(199,'7501056330255',2,4,3,7,3,'2016-03-31','2014-05-25 15:14:29',31,22.78,0,22.78,0,9,31,16,'2138103'),(200,'7501056325442',2,4,3,7,2,'2016-01-31','2014-05-25 15:21:14',22,15.88,0,15.88,0,7,22,16,'2138103'),(201,'7501058368119',2,4,3,7,1,'2018-10-31','2014-05-25 15:37:16',41,29.56,0,29.56,0,12,41,16,'2138103'),(202,'7501022105283',2,4,3,7,3,'2016-09-30','2014-05-26 13:13:00',13,9.64,0,9.64,0,4,13,16,'2138103'),(203,'7501056339548',2,4,3,7,2,'2015-07-31','2014-05-26 13:21:33',30,22.27,0,22.27,0,8,30,16,'2138103'),(204,'7501108767947',2,4,1,7,2,'2015-10-31','2014-05-26 13:29:19',128.49,84.78,0,84.78,25,12,96,0,'2137811'),(205,'7501050613453',2,4,1,7,2,'2016-11-30','2014-05-26 13:33:55',75.68,42.41,0,42.41,22,17,59,0,'213'),(206,'7501088505157',2,4,1,7,4,'2016-11-30','2014-05-26 13:41:40',125,80.77,0,91.31,28,10,90,0,'2137811'),(207,'7501299306277',2,4,1,7,2,'2016-07-31','2014-05-26 14:07:05',84.5,48.75,0,48.75,25,15,63,0,'2137811'),(208,'7501008496152',2,4,1,7,4,'2016-01-31','2014-05-26 14:10:14',69,47.61,0,47.61,20,9,56,0,'2137811'),(209,'7501273500332',2,4,1,7,1,'2015-11-21','2014-05-26 14:15:10',158.5,125.14,0,125.14,15,10,135,0,'2137811'),(210,'7501318688827',2,4,1,7,3,'2016-12-31','2014-05-26 14:21:15',147,110.78,0,110.78,20,8,118,0,'2137811'),(211,'714706901607',2,4,1,7,2,'2017-09-30','2014-05-26 14:42:36',18,13.41,0,13.41,0,5,18,16,'2137811'),(212,'7501037908534',2,4,1,7,2,'2016-09-30','2014-05-26 15:05:35',352.21,245.41,0,245.41,25,19,264,0,'2137811'),(213,'7501318697409',2,4,1,7,1,'2015-08-31','2014-05-26 15:09:17',163.5,112.81,0,112.81,22,16,128,0,'2137811'),(214,'7501314701827',2,4,1,7,1,'2017-01-31','2014-05-26 15:20:58',440,308.94,0,308.94,25,22,330,0,'2137811'),(215,'7501122960317',2,4,1,7,1,'2015-10-31','2014-05-26 16:04:02',350.2,250.82,0,250.82,25,13,263,0,'2137811'),(216,'7501050624572',2,4,1,7,1,'2016-11-01','2014-05-26 16:18:21',77.89,46.19,0,46.19,25,12,58,0,'2137811'),(217,'7501065060594',2,4,1,7,1,'2015-12-31','2014-05-26 16:28:12',367.45,223.8,0,223.8,30,34,257,0,'2137811'),(218,'7501033955556',2,4,1,7,1,'2015-10-17','2014-05-26 16:40:11',544.1,361.28,0,361.28,30,20,381,0,'2137811'),(219,'650240008092',2,4,1,7,1,'2015-12-31','2014-05-26 16:56:17',100,84.91,0,84.91,0,16,100,16,'2137811'),(220,'7501050619974',2,4,1,7,1,'2016-03-01','2014-05-26 17:02:59',69.64,30.96,0,30.96,20,26,56,0,'2137811'),(221,'75004972',2,4,1,7,1,'2015-11-30','2014-05-26 17:29:40',171,106.91,0,106.91,28,18,124,0,'2137811'),(222,'7501159526029',2,4,1,7,3,'2016-08-31','2014-05-26 17:47:30',190,152.95,0,152.95,10,19,171,0,'2137811'),(223,'7501109904143',2,4,1,7,1,'2015-04-30','2014-05-26 17:51:43',360.95,257.38,0,257.38,25,13,270,0,'2137811'),(224,'7501300407054',2,4,1,7,1,'2015-12-31','2014-05-26 18:00:07',91,56.88,0,56.88,22,15,71,0,'2137811'),(225,'7501072340108',2,4,1,7,1,'2016-06-30','2014-05-26 22:14:16',291.54,203.45,0,203.45,25,16,219,0,'2137811'),(226,'736085402346',2,4,1,7,1,'2015-11-04','2014-05-26 22:18:47',651.4,400.51,0,400.51,30,56,456,0,'2137811'),(227,'748499000155',2,4,1,7,1,'2016-04-30','2014-05-26 22:25:03',185.95,119.01,0,119.01,28,14,133,0,'2137811'),(228,'7501094916251',2,4,1,7,1,'2015-10-31','2014-05-26 22:28:09',487,337.37,0,337.37,28,14,351,0,'2137811'),(229,'650240017094',2,4,1,7,10,'2016-03-31','2014-05-26 22:30:11',40.1,29.67,0,29.67,15,5,34,0,'2137811'),(230,'650240001314',2,4,1,7,1,'2015-12-31','2014-05-26 22:37:45',397.3,254.14,0,254.14,25,44,298,0,'2137811'),(231,'650240001314',2,4,1,7,1,'2015-12-31','2014-05-26 22:37:45',397.3,254.14,0,254.14,25,44,298,0,'2137811'),(232,'650240003950',2,4,1,7,5,'2016-11-30','2014-05-26 22:40:05',68,57.86,0,57.86,0,11,68,0,'2137811'),(233,'7501095409004',2,4,1,7,1,'2015-07-01','2014-05-26 22:43:56',52.69,29.89,0,29.89,20,13,42,0,'2137811'),(234,'7501326004176',2,4,1,7,1,'2016-04-30','2014-05-26 22:48:12',574.65,381.57,0,381.57,30,21,402,0,'2137811'),(235,'736085105032',2,4,1,7,1,'2016-12-31','2014-05-26 22:51:35',93.11,62.85,0,62.85,20,13,75,0,'2137811'),(236,'7501318620223',2,4,1,7,2,'2016-08-31','2014-05-26 22:55:01',216,162.77,0,162.77,20,11,173,0,'2137811'),(237,'300090444037',2,4,1,7,1,'2015-09-30','2014-05-26 22:57:23',214.75,142.59,0,142.59,28,12,154,0,'2137811'),(238,'650240019999',2,4,1,7,5,'2016-03-31','2014-05-26 23:00:33',80,67.92,0,67.92,0,13,80,0,'2137811'),(239,'7501034645012',2,4,1,7,2,'2016-02-29','2014-05-27 13:19:59',141.07,89.36,0,89.36,28,13,102,0,'2137811'),(240,'7501049721114',2,4,1,7,1,'2015-10-31','2014-05-27 13:36:36',372.15,224.65,0,224.65,30,37,261,0,'2137811'),(241,'7501064560194',2,4,1,7,3,'2017-02-28','2014-05-27 13:44:01',49.1,30.64,0,30.64,20,10,40,0,'2137811'),(242,'7501109902637',2,4,1,7,3,'2016-01-31','2014-05-27 17:03:07',70,44.06,0,44.06,20,12,56,0,'2137811'),(243,'7501034650580',2,4,1,7,2,'2016-09-30','2014-05-27 17:19:21',104.63,72.91,0,72.91,20,12,84,0,'2137811'),(244,'650240015571',2,4,1,7,1,'2016-02-29','2014-05-27 17:23:37',40,33.92,0,33.92,0,7,40,0,'2137811'),(245,'7891106904353',2,4,1,7,2,'2015-11-30','2014-05-27 17:26:30',271,204.21,0,204.21,20,13,217,0,'2137811'),(246,'7501165000230',2,4,1,7,11,'2016-05-31','2014-05-27 17:30:56',64.11,44.74,0,44.74,15,11,55,0,'2137811'),(247,'7502209290587',2,4,1,7,1,'2015-07-31','2014-05-27 17:34:54',556.75,369.68,0,369.68,30,20,389,0,'2137811'),(248,'7501034635181',2,4,1,7,1,'2015-09-11','2014-05-27 17:40:37',213.69,135.36,0,135.36,22,31,166,0,'2137811'),(249,'7501095467264',2,4,1,7,2,'2016-10-31','2014-05-27 17:43:10',128,87.1,0,87.1,22,13,100,0,'2137811'),(250,'7501124103248',2,4,1,7,2,'2016-03-31','2014-05-27 17:49:21',159,98.38,0,98.38,25,22,120,0,'2137811'),(251,'7501094910464',2,4,1,7,1,'2016-10-31','2014-05-27 17:51:33',121.79,80.37,0,80.37,25,11,91,0,'2137811'),(252,'7501050611657',2,4,1,7,1,'2016-05-01','2014-05-27 17:56:50',213.18,141.55,0,141.55,28,13,154,0,'2137811'),(253,'7501050611671',2,4,1,7,1,'2016-05-01','2014-05-27 17:58:45',260.17,172.76,0,172.76,28,16,188,0,'2137811'),(254,'7501022101681',2,4,1,7,1,'2016-01-31','2014-05-27 18:06:45',171.69,107.16,0,107.16,28,16,123,0,'2137811'),(255,'7501061019008',2,4,1,7,1,'2015-03-31','2014-05-27 18:09:43',245.18,171.1,0,171.1,25,13,184,0,'2137811'),(256,'7501008409541',2,4,1,7,4,'2015-10-31','2014-05-27 18:11:52',53,36.57,0,36.57,10,12,48,0,'2137811'),(257,'7501034670120',2,4,1,7,1,'2015-10-31','2014-05-27 18:14:14',566.25,394.56,0,394.56,28,14,408,0,'2137811'),(258,'650240028670',2,4,1,7,1,'2015-09-30','2014-05-27 18:16:03',149,126.65,0,126.65,0,23,149,0,'2137811'),(259,'714706100901',2,4,1,7,1,'2016-11-30','2014-05-27 18:19:14',152.82,95.13,0,95.13,28,15,110,0,'2137811'),(260,'7501299306130',2,4,1,7,1,'2016-10-31','2014-05-27 18:21:25',142,85.63,0,85.63,28,18,103,0,'2137811'),(261,'7501095452178',2,4,1,7,4,'2015-10-31','2014-05-27 18:25:49',71.79,44.42,0,44.42,20,13,57,0,'2137811'),(262,'7501095452147',2,4,1,7,9,'2016-11-30','2014-05-27 18:29:11',66.04,31.46,0,31.46,20,22,53,0,'2137811'),(263,'7501095452116',2,4,1,7,10,'2017-01-31','2014-05-27 18:32:42',39.58,22.45,0,22.45,20,10,32,0,'2137811'),(264,'7501287630926',2,4,1,7,4,'2015-04-30','2014-05-27 18:35:31',218,144.75,0,144.75,28,13,157,0,'2137811'),(265,'7501124815653',2,4,1,7,1,'2015-06-30','2014-05-27 18:42:13',123.68,81.61,0,81.61,28,8,89,0,'2137811'),(266,'7501124815660',2,4,1,7,2,'2015-07-31','2014-05-27 18:45:30',123.68,81.61,0,81.61,28,8,89,0,'2138103'),(267,'7501050611220',2,4,1,7,1,'2015-11-01','2014-05-27 19:06:08',63.06,36.15,0,36.15,20,15,51,0,'2137811'),(268,'7501109900626',2,4,1,7,2,'2016-12-31','2014-05-27 19:11:01',79.43,53.76,0,53.76,20,11,64,0,'2137811'),(269,'7501092779278',2,3,1,6,1,'2015-08-31','2014-05-27 19:15:20',367,240.09,0,240.09,30,17,257,0,'LI-168838'),(270,'7501070622152',2,3,1,6,2,'2018-01-31','2014-05-27 19:19:27',186,127.44,0,127.44,25,13,140,0,'LI-168838'),(271,'7501050633659',2,4,1,7,1,'2016-03-01','2014-05-27 19:32:06',157.64,101.47,18,83.2054,28,12,113,0,'LI-168838'),(272,'7501070612832',2,3,1,6,2,'2016-03-31','2014-05-27 19:36:01',267,180.67,18,148.1494,28,13,193,0,'LI-168838'),(273,'650240005428',2,3,1,6,1,'2015-04-30','2014-05-27 19:39:06',160,135.92,0,135.92,0,25,160,0,'LI-168838'),(274,'7502234766019',2,3,1,6,1,'2015-08-31','2014-05-27 19:43:30',65,52,0,52,0,13,65,0,'LI-168838'),(275,'7501033956331',2,3,1,6,1,'2016-04-14','2014-05-27 19:46:11',51,37.64,0,37.64,0,14,51,1,'LI-168838'),(276,'7501070613549',2,3,1,6,3,'2018-02-28','2014-05-27 19:49:26',125,81.99,0,81.99,25,13,94,0,'LI-168838'),(277,'7501092772385',2,3,1,6,1,'2015-12-31','2014-05-27 19:59:59',209,136.73,0,136.73,28,15,151,0,'LI-168838'),(278,'7501057006418',2,3,3,6,2,'2015-10-31','2014-05-27 21:52:16',51,26.85,0,26.85,0,25,51,16,'LI-168928'),(279,'7501006850031',2,3,3,6,2,'2016-05-27','2014-05-27 22:04:06',19,10.15,0,10.15,0,9,19,16,'LI-168928'),(280,'7501006850024',2,3,1,6,2,'2017-04-12','2014-05-27 22:09:13',29,15.5,0,15.5,0,14,29,16,'LI-168928'),(281,'650240004292',2,3,3,6,2,'2015-11-30','2014-05-27 22:12:13',25.5,15.62,0,15.62,0,10,25,16,'LI-168928'),(282,'650240014512',2,3,3,6,1,'2016-03-31','2014-05-27 22:16:27',25,15.62,0,15.62,0,10,25,16,'LI-168928'),(283,'7501027553294',2,3,3,6,2,'2018-04-26','2014-05-27 22:19:21',35,26.64,0,26.64,0,9,35,16,'LI-168928'),(284,'7501065070067',2,3,3,6,2,'2018-03-31','2014-05-27 22:21:50',22,16.24,0,16.24,0,6,22,16,'LI-168928'),(285,'650240019173',2,3,3,6,1,'2018-07-31','2014-05-27 22:29:10',19,14.91,0,14.91,0,5,19,16,'LI-168928'),(286,'7891010007263',2,3,3,6,3,'2017-04-30','2014-05-27 22:31:18',72,37.77,0,37.77,0,35,72,16,'LI-168928'),(287,'7501075718959',2,3,2,6,1,'2015-08-31','2014-05-27 22:36:25',450,107.69,0,107.69,35,186,293,0,'LI-168839'),(288,'7501258208499',2,6,2,10,11,'2015-09-30','2014-05-28 14:21:04',145.8,75,0,75,35,19,94,0,'122172'),(289,'7502003388053',2,6,2,10,2,'2016-03-31','2014-05-28 14:30:15',207,72.22,0,72.22,35,63,135,0,'122172'),(290,'7501590233043',2,6,2,10,16,'2016-02-29','2014-05-28 15:54:10',105,39.5,0,39.5,35,30,69,0,'122172'),(291,'7502240450148',2,6,2,10,1,'2016-03-31','2014-05-28 16:30:32',204,75,0,75,35,58,133,0,'122172'),(292,'780083142308',2,6,2,10,4,'2016-02-29','2014-05-28 17:11:40',51,33,0,33,35,1,34,0,'122172'),(293,'7502004401454',2,6,2,10,10,'2015-04-26','2014-05-28 17:17:10',57,17,0,17,35,21,38,0,'122172'),(294,'7501056346188',2,4,3,7,2,'2017-06-20','2014-05-29 18:10:38',30,21.79,0,21.79,0,9,30,16,'2162794'),(295,'650240004643',2,4,3,7,4,'2016-04-26','2014-05-29 18:13:49',25,15.61,0,15.61,0,10,25,16,'2162794'),(296,'7501022105344',2,4,3,7,5,'2017-01-31','2014-05-29 18:41:39',13,9.64,0,9.64,0,4,13,0,'2162794'),(297,'7501080951235',2,4,3,7,2,'2018-08-31','2014-05-29 18:46:30',41,27.34,0,27.34,0,14,41,16,'2162794'),(298,'7501022150221',2,4,3,7,5,'2016-02-26','2014-05-29 18:54:03',13,9.64,0,9.64,0,4,13,16,'2162794'),(299,'7501022150092',2,4,3,7,1,'2016-09-30','2014-05-29 18:57:34',14,11,0,11,0,3,14,16,'2162794'),(300,'7501070613440',2,4,1,7,3,'2015-10-31','2014-05-29 19:06:50',135.42,88.42,0,88.42,25,14,102,0,'2162793'),(301,'7501088509810',2,4,1,7,6,'2015-11-30','2014-05-29 19:10:03',81,52.34,0,52.34,20,13,65,0,'2162793'),(302,'7501009000808',2,4,1,7,2,'2015-11-01','2014-05-29 19:17:30',168,112.56,0,112.56,25,14,126,0,'2162793'),(303,'7501318645080',2,4,1,7,5,'2015-07-31','2014-05-29 19:22:17',119,82.1,0,82.1,22,11,93,0,'2162793'),(304,'7501061002703',2,4,1,7,2,'2016-02-29','2014-05-29 19:33:41',41.7,28.72,0,28.72,20,5,33,0,'2162793'),(305,'7501061002802',2,4,1,7,2,'2016-02-29','2014-05-29 19:36:49',41.7,28.78,0,28.78,20,5,33,0,'2162793'),(306,'7501061002550',2,4,1,7,2,'2015-12-31','2014-05-29 19:38:58',41.7,28.72,0,28.72,20,5,33,0,'2162793'),(307,'7501300408747',2,4,1,7,3,'2015-11-30','2014-05-29 19:41:19',155,96.88,0,96.88,28,16,112,0,'2162793'),(308,'650240003967',2,4,1,7,5,'2016-09-30','2014-05-29 19:44:20',52,42.41,0,42.41,0,10,52,0,'2162793'),(309,'650240026331',2,4,3,7,1,'2017-05-31','2014-05-29 19:47:30',70,51.22,0,51.22,0,19,70,0,'2162793'),(310,'650240026324',2,4,3,7,1,'2015-12-31','2014-05-29 19:49:46',100,73.2,0,73.2,0,27,100,0,'2162793'),(311,'7501300407139',2,4,1,7,1,'2015-11-30','2014-05-29 19:53:24',220,135.5,0,135.5,28,24,159,0,'2162793'),(312,'7501001353377',2,4,1,7,5,'2015-06-30','2014-05-29 19:56:05',69,39.97,0,39.97,20,17,56,0,'2162793'),(313,'7501034635198',2,4,1,7,2,'2015-03-12','2014-05-29 20:02:46',343.35,217.49,0,217.49,30,23,240,0,'2162793'),(314,'7501088505508',2,4,1,7,1,'2016-02-29','2014-05-29 20:06:29',305,212.11,0,212.11,25,17,229,0,'2162793'),(315,'7501385493850',2,4,1,7,136,'2015-11-30','2014-05-29 20:09:25',363,260.33,0,260.33,25,13,273,0,'2162793'),(316,'7501250838526',2,4,1,7,1,'2015-12-31','2014-05-29 20:12:17',539,347.18,0,347.18,30,31,378,0,'2162793'),(317,'7501008497357',2,3,1,6,3,'2015-09-30','2014-05-29 20:44:19',156,106,0,106,25,11,117,0,'LI-170148'),(318,'7501871720415',2,3,1,6,1,'2016-01-31','2014-05-29 20:50:25',282,186.93,0,186.93,28,18,204,0,'LI-170148'),(319,'7501089803351',2,3,1,6,1,'2016-10-18','2014-05-29 20:53:55',202.5,131.33,0,131.33,28,15,146,0,'LI-170148'),(320,'7501070613082',2,3,1,6,1,'2016-03-31','2014-05-29 20:55:44',139,93.46,0,93.46,25,12,105,0,'LI-170148'),(321,'7501050602112',2,3,1,6,1,'2016-02-01','2014-05-29 20:57:44',86.75,49.13,0,49.13,28,13,62,0,'LI-170148'),(322,'7501008485033',2,3,1,6,12,'2015-10-01','2014-05-29 21:01:32',55,41.16,0,41.16,20,3,44,0,'LI-170148'),(323,'7501095452505',2,3,1,6,10,'2015-10-31','2014-05-29 21:04:48',90.51,50.72,0,50.72,20,22,72,0,'LI-170148'),(324,'7501092793038',2,3,1,6,1,'2015-11-30','2014-05-29 21:14:29',196,128.22,0,128.22,28,14,142,0,'LI-170148'),(325,'7501008485316',2,3,1,6,10,'2015-11-30','2014-05-29 21:24:07',28,19,0,19,20,4,23,0,'LI-170148'),(326,'7501070613587',2,3,1,6,2,'2017-10-31','2014-05-29 21:52:47',141.59,92.45,0,92.45,25,14,106,0,'LI-170161'),(327,'7501035908116',2,3,3,6,5,'2017-03-31','2014-05-31 19:22:21',21,15.73,0,15.73,0,6,21,16,'LI-172443'),(328,'7501007528793',2,3,3,6,3,'2016-05-31','2014-05-31 19:24:32',42,21.89,0,21.89,0,21,42,16,'LI-172443'),(329,'7501174600124',2,3,1,6,2,'2015-09-30','2014-05-31 21:36:43',74,43.31,0,43.31,20,17,60,0,'LI-172939'),(330,'7501070635596',2,3,1,6,3,'2015-05-31','2014-05-31 21:46:36',232,156,18,127.92,28,12,168,0,'LI-172939'),(331,'650240021886',2,3,1,6,1,'2017-04-30','2014-05-31 21:50:14',120,94.06,0,94.06,0,26,120,16,'LI-172939'),(332,'7501027875754',2,3,1,6,2,'2018-01-31','2014-05-31 21:53:44',32.96,17.77,0,17.77,15,11,28,0,'LI-172939'),(333,'7501109901517',2,3,1,6,1,'2015-11-30','2014-05-31 21:59:12',289.47,204.5,0,204.5,25,13,217,0,'LI-172939'),(334,'736085278507',2,3,1,6,2,'2016-01-21','2014-05-31 22:01:35',53.67,35.77,0,35.77,10,13,48,0,'LI-172939'),(335,'7501287652744',2,3,1,6,1,'2016-02-29','2014-05-31 22:03:57',499.55,307.22,18,251.9204,30,43,350,0,'LI-172939'),(336,'7501050602013',2,3,1,6,1,'2015-12-01','2014-05-31 22:06:13',142.31,80.61,18,120.62,28,23,103,0,'LI-172939'),(337,'650240010538',2,3,1,6,15,'2015-07-31','2014-06-02 13:55:07',36,21,0,21,0,15,36,0,'LI-172939'),(338,'7501100088170',2,3,1,6,1,'2015-10-31','2014-06-02 14:02:39',81.25,52.52,0,52.52,22,12,64,0,'LI-172939'),(339,'7501095451096',2,3,1,6,9,'2016-11-30','2014-06-02 14:33:17',29.62,18.11,0,18.11,20,6,24,0,'LI-172939'),(340,'7501165005372',2,3,1,6,2,'2015-04-30','2014-06-02 14:55:58',103.39,54.64,0,54.64,10,39,93,16,'LI-172939'),(341,'7501142925150',2,3,1,6,1,'2016-02-29','2014-06-02 15:05:46',254.64,167.04,0,167.04,28,16,183,0,'LI-172939'),(342,'7501537184711',2,5,1,13,11,'2016-02-12','2014-06-02 15:39:37',27,5.18,0,59.93,35,13,18,0,'V244658'),(343,'7501590211171',2,5,2,13,4,'2015-07-31','2014-06-02 15:51:35',123,29.67,0,29.67,35,51,80,0,'V244658'),(344,'7501590211201',2,5,2,13,3,'2015-11-30','2014-06-02 16:01:09',180,41.4,0,41.4,35,76,117,0,'V244658'),(345,'7501590211225',2,5,2,13,5,'2016-02-29','2014-06-02 16:30:27',156,31.05,0,31.05,35,71,102,10,'V244658'),(346,'780083140083',2,5,2,13,2,'2016-04-30','2014-06-02 16:44:13',93,21.39,0,21.39,35,40,61,0,'V244658'),(347,'780083142537',2,5,2,13,2,'2016-04-30','2014-06-02 16:54:05',123,28.29,0,28.29,35,52,80,0,'V244658'),(348,'7501836009807',2,5,2,13,4,'2015-09-30','2014-06-02 16:59:44',86.1,19.8,0,19.8,35,37,56,0,'V244658'),(349,'7501836002969',2,5,2,13,3,'2015-11-30','2014-06-02 17:02:25',110.7,25.46,0,25.46,35,47,72,0,'V244658'),(350,'7501075710786',2,5,2,13,12,'2016-11-30','2014-06-02 17:08:13',21,4.83,0,4.83,35,10,14,0,'V244658'),(351,'7501130713172',2,5,2,13,6,'2015-06-30','2014-06-02 17:15:26',132,34.76,0,34.76,35,52,86,0,'V244658'),(352,'7501258206563',2,5,2,13,21,'2016-03-31','2014-06-02 17:32:12',132.3,30.43,0,30.43,35,56,86,0,'V244658'),(353,'7502001166028',2,5,2,13,6,'2016-08-31','2014-06-02 17:42:14',51,11.73,0,11.73,35,23,34,0,'V244658'),(354,'7502240450230',2,5,2,13,1,'2016-03-31','2014-06-03 16:20:51',93,21.39,0,21.39,35,40,61,0,'V244658'),(355,'7503003134411',2,5,2,13,1,'2018-11-30','2014-06-03 16:55:01',145,33.35,0,33.35,35,62,95,0,'V244592'),(356,'7502208892751',2,5,2,13,3,'2015-10-31','2014-06-03 16:58:02',93.5,21.51,0,21.51,35,40,61,0,'V244592'),(357,'780083141882',2,5,2,13,9,'2015-12-31','2014-06-03 17:26:54',138,31.74,0,31.74,35,59,90,0,'V244592'),(358,'7501385450235',2,5,2,13,8,'2015-10-31','2014-06-03 17:49:51',76.65,24.53,0,24.53,35,26,50,0,'V244592'),(359,'7501836000194',2,5,2,13,1,'2015-07-31','2014-06-03 17:57:49',98.4,22.63,0,22.63,35,42,64,0,'V244592'),(360,'785120754117',2,5,2,13,3,'2015-02-28','2014-06-03 18:06:54',240,55.2,0,55.2,35,101,156,0,'V244592'),(361,'7502009740503',2,5,2,13,6,'2015-11-30','2014-06-03 18:22:38',135,31.05,0,31.05,35,57,88,0,'V244592'),(362,'7502001160415',2,5,2,13,3,'2016-03-31','2014-06-03 18:31:33',36.5,8.4,0,8.4,35,16,24,0,'V244592'),(363,'7502001161610',2,5,2,13,2,'2015-06-30','2014-06-03 18:36:08',157,36.11,0,36.11,35,67,103,0,'V244592'),(364,'7503001007120',2,5,2,13,5,'2016-02-29','2014-06-03 18:40:23',35,8.05,0,8.05,35,15,23,0,'V244'),(365,'785120753530',2,5,2,13,4,'2017-02-28','2014-06-03 18:47:44',270,62.1,0,62.1,35,114,176,0,'V244593'),(366,'7502227870648',2,5,2,13,9,'2015-08-25','2014-06-03 20:05:03',135.99,31.28,0,31.28,35,57,88,0,'V244593'),(367,'7501109904426',2,3,1,6,2,'2015-10-31','2014-06-04 16:28:17',217,153.31,0,153.31,22,17,170,0,'LI-175119'),(368,'300055502635',2,3,1,6,1,'2015-11-30','2014-06-04 16:32:48',198.23,129.22,18,105.9604,28,14,143,0,'LI-175119'),(369,'7501109900350',2,3,1,6,1,'2016-01-31','2014-06-04 16:43:18',211.41,143.07,0,143.07,25,16,159,0,'LI-175119'),(370,'650240011153',2,3,1,6,5,'2015-07-31','2014-06-04 17:05:21',84,71.32,0,71.32,0,13,84,0,'LI-175119'),(371,'7501165000360',2,3,1,6,1,'2015-09-30','2014-06-04 17:24:56',95.07,66.34,0,66.34,15,15,81,0,'LI-175119'),(372,'7501095452130',2,3,1,6,5,'2016-10-31','2014-06-04 17:29:55',100.51,61.44,0,61.44,22,17,78,0,'LI-175119'),(373,'7501165001220',2,3,1,6,1,'2017-03-31','2014-06-04 17:34:29',315.55,215.57,18,176.76,28,12,227,0,'LI-175119'),(374,'7501089803153',2,3,1,6,1,'2016-01-31','2014-06-04 17:41:25',821.8,532.53,0,575,30,43,575,0,'LI-175119'),(375,'7501089810021',2,3,1,6,1,'2016-01-31','2014-06-04 18:00:56',127.45,82.59,0,82.59,25,14,96,0,'LI-175119'),(376,'7501057005749',2,3,1,6,1,'2015-11-30','2014-06-04 18:15:42',71.83,46.46,0,46.46,22,10,56,0,'LI-175119'),(377,'7501089809452',2,3,1,6,1,'2016-11-30','2014-06-04 18:25:56',145.85,94.51,0,94.51,28,11,105,0,'LI-175119'),(378,'7501165005624',2,3,1,6,2,'2015-09-30','2014-06-04 21:22:00',691,473.46,0,473.46,25,46,519,0,'LI-175119'),(379,'7501573900153',2,5,1,13,7,'2016-03-31','2014-06-05 16:19:00',32.5,6.33,0,6.33,35,15,21,0,'V247628'),(380,'7501573920182',2,5,2,13,5,'2016-01-31','2014-06-05 16:32:44',154,35.42,0,35.42,35,66,101,0,'V247628'),(381,'7501573900016',2,5,2,13,3,'2015-11-30','2014-06-05 16:55:13',28.25,6.5,0,6.5,35,13,19,0,'V247628'),(382,'7501825300137',2,5,2,13,11,'2016-01-31','2014-06-05 17:04:06',54.64,5.71,0,5.71,35,30,35,0,'V247628'),(383,'7501836000927',2,5,2,13,3,'2016-04-30','2014-06-05 17:06:16',109.8,25.25,0,25.25,35,46,71,0,'V247628'),(384,'7501075715927',2,5,2,13,5,'2016-09-30','2014-06-05 17:08:34',16.95,3.9,0,3.9,35,8,11,0,'V247628'),(385,'7502004400204',2,5,2,13,7,'2016-04-23','2014-06-05 17:10:34',216,49.68,0,49.68,35,92,141,0,'V247628'),(386,'7502003385540',2,5,2,13,6,'2015-08-31','2014-06-05 17:12:50',108.9,25.05,0,25.05,35,45,70,0,'V247628'),(387,'7502001160026',2,5,2,13,4,'2016-01-31','2014-06-05 17:16:24',59,13.57,0,13.57,35,26,39,0,'V247628'),(388,'7502001160019',2,5,2,13,3,'2017-02-28','2014-06-05 17:23:20',59,13.57,0,13.57,35,26,39,0,'V247628'),(389,'7502001164024',2,5,2,13,6,'2017-01-31','2014-06-05 17:34:39',90,20.7,0,20.7,35,39,59,0,'V247628'),(390,'7501547524088',2,5,2,13,5,'2017-01-31','2014-06-05 17:42:10',33,7.59,0,7.59,35,15,22,0,'V247628'),(391,'7502208892355',2,5,2,13,5,'2016-02-29','2014-06-05 17:44:29',19.8,4.56,0,4.56,35,9,13,0,'V247629'),(392,'780083140328',2,5,2,13,3,'2015-09-30','2014-06-05 17:46:49',180,41.4,0,41.4,35,76,117,0,'V247629'),(393,'7502213040086',2,5,2,13,7,'2015-10-31','2014-06-05 17:51:16',144.45,35.64,0,35.64,35,59,94,0,'V247629'),(394,'7501130713158',2,5,2,13,5,'2016-01-31','2014-06-05 17:55:01',119,31.33,0,31.33,35,47,78,0,'V247629'),(395,'7501258205092',2,5,2,13,2,'2015-10-31','2014-06-05 17:58:08',108.15,24.87,0,24.87,35,47,71,0,'V247629'),(396,'7502001161511',2,5,2,13,10,'2017-01-31','2014-06-05 18:02:13',77,13.11,0,13.11,35,38,51,0,'V247629'),(397,'7501547509016',2,5,2,13,36,'2016-02-29','2014-06-05 18:04:19',99,22.77,0,22.77,35,43,65,0,'V247629'),(398,'7502208892249',2,5,2,13,59,'2015-12-31','2014-06-05 18:15:31',26,5.31,0,5.31,35,12,17,0,'V247636'),(399,'785120754247',2,5,2,13,10,'2016-02-29','2014-06-05 18:36:28',145,33.35,0,33.35,35,62,95,0,'V247636'),(400,'785118752491',2,5,2,13,3,'2016-01-31','2014-06-05 18:40:26',210,48.3,0,48.3,35,89,137,0,'V247636'),(401,'7503000422665',2,5,2,13,10,'2016-01-31','2014-06-05 18:46:31',72,16.56,0,16.56,35,31,47,0,'V247636'),(402,'7502003385038',2,5,2,13,5,'2015-09-30','2014-06-05 18:49:05',186.6,42.92,0,42.92,35,79,121,0,'V247636'),(403,'7502001163942',2,5,2,13,3,'2015-11-30','2014-06-05 18:51:24',72,16.56,0,16.56,35,31,47,0,'V247636'),(404,'780083141578',2,5,1,13,40,'2016-04-30','2014-06-05 18:57:22',54,12.42,0,12.42,35,24,36,0,'V247640'),(405,'7501672600503',2,5,2,13,14,'2016-05-31','2014-06-05 19:05:10',35,5.75,0,5.75,35,18,23,0,'V247637'),(406,'7501573900085',2,5,2,13,12,'2016-02-29','2014-06-05 19:09:56',53,12.19,0,12.19,35,23,35,0,'V247637'),(407,'780083141714',2,5,2,13,7,'2016-04-30','2014-06-05 19:14:25',102,19.55,0,19.55,35,48,67,0,'V247637'),(408,'7501825300649',2,5,2,13,8,'2016-03-31','2014-06-05 19:18:47',54.53,12.54,0,12.54,35,23,35,0,'V247637'),(409,'785120754810',2,5,2,13,2,'2016-01-31','2014-06-05 19:21:23',132,30.36,0,30.36,35,56,86,0,'V247637'),(410,'7501258200127',2,5,2,13,10,'2015-07-31','2014-06-05 19:23:15',144.45,33.22,0,33.22,35,61,94,0,'V247637'),(411,'7501471888034',2,5,2,13,5,'2017-01-31','2014-06-05 19:27:11',149.94,34.49,0,34.49,35,63,97,0,'V247637'),(412,'656599040608',2,5,2,13,2,'2018-03-31','2014-06-05 19:36:44',123.6,28.43,0,28.43,35,52,80,0,'V247637'),(413,'7501672690177',2,5,2,13,5,'2016-03-31','2014-06-05 19:45:42',61,14.03,0,14.03,35,26,40,0,'V247638'),(414,'7501537102586',2,5,2,13,9,'2015-11-20','2014-06-05 19:59:34',69,15.37,0,15.37,35,30,45,0,'V247638'),(415,'780083141226',2,5,2,13,6,'2016-03-31','2014-06-05 20:02:48',90,20.7,0,20.7,35,39,59,0,'V24763'),(416,'780083142018',2,5,2,13,5,'2016-04-30','2014-06-05 20:14:29',60,13.8,0,13.8,35,26,39,0,'V247638'),(417,'7501842900105',2,5,2,13,10,'2016-03-31','2014-06-05 20:24:50',50,11.5,0,11.5,35,22,33,0,'V247638'),(418,'7501836000118',2,5,2,13,4,'2016-04-30','2014-06-05 20:27:55',108.9,25.05,0,25.05,35,45,70,0,'V247638'),(419,'7502211781585',2,5,1,13,2,'2015-12-31','2014-06-05 20:32:30',79,18.17,0,18.17,35,34,52,0,'V247638'),(420,'785120754254',2,5,2,13,4,'2017-01-31','2014-06-05 20:34:54',126,28.98,0,28.98,35,54,82,0,'V247638'),(421,'7501258205979',2,5,2,13,3,'2015-06-30','2014-06-05 20:42:04',112.35,25.84,0,25.84,35,48,73,0,'V247638'),(422,'7502001165144',2,5,2,13,19,'2015-12-31','2014-06-05 20:48:42',65.5,15.07,0,15.07,35,28,43,0,'V247638'),(423,'7502001162532',2,5,2,13,10,'2016-12-31','2014-06-05 20:53:56',47.5,10.93,0,10.93,35,21,31,0,'V247638'),(424,'7501537164638',2,5,2,13,9,'2015-11-27','2014-06-05 20:57:16',90.9,20.91,0,20.91,35,39,59,0,'V247639'),(425,'7501537101886',2,5,2,13,15,'2015-11-20','2014-06-05 21:03:40',46.2,10.63,0,10.63,35,20,30,0,'V247639'),(426,'7501537105471',2,5,2,13,3,'2015-11-27','2014-06-05 21:06:40',51,11.73,0,11.73,35,23,34,0,'V247639'),(427,'7501836000873',2,5,2,13,4,'2015-11-30','2014-06-05 21:09:47',54,12.42,0,12.42,35,24,36,0,'V247639'),(428,'637420440835',2,5,2,13,7,'2016-03-31','2014-06-05 21:48:17',69.55,16,0,16,35,29,45,0,'V247639'),(429,'7502009740275',2,5,2,13,4,'2015-12-10','2014-06-05 22:02:53',63,14.49,0,14.49,35,27,41,0,'V247639'),(430,'7502009740282',2,5,2,13,11,'2016-02-02','2014-06-05 22:05:27',69,11.34,0,11.34,35,34,45,0,'V247639'),(431,'7502003380590',2,5,2,13,5,'2016-10-31','2014-06-05 22:11:56',88.8,20.42,0,20.42,35,37,57,0,'V247639'),(432,'7502003388510',2,5,2,13,6,'2017-01-31','2014-06-05 22:15:50',89.7,20.63,0,20.63,35,38,58,0,'V247639'),(433,'7502001165205',2,5,2,13,3,'2015-08-31','2014-06-05 22:31:42',47.5,10.93,0,10.93,35,21,31,0,'V247639'),(434,'7501165003040',2,3,1,6,3,'2015-08-31','2014-06-09 14:03:09',148.7,85.02,0,85.02,28,22,107,0,'LI-178987'),(435,'7501125116810',2,3,1,6,3,'2016-11-30','2014-06-09 14:39:23',21.25,11.06,0,11.06,15,7,18,0,'LI-178987'),(436,'7501092708032',2,3,1,6,1,'2016-05-31','2014-06-09 14:46:47',196,128.22,0,128.22,28,14,142,0,'LI-178987'),(437,'7501037900576',2,3,1,6,1,'2016-05-31','2014-06-09 14:50:50',107.88,74.27,0,74.27,22,10,84,0,'LI-178987'),(438,'7501092776642',2,3,1,6,1,'2015-06-30','2014-06-09 14:56:40',370,242.22,0,242.22,30,17,259,0,'LI-178987'),(439,'650240000973',2,3,1,6,1,'2015-06-30','2014-06-09 15:19:15',315,267.67,0,267.67,0,48,315,0,'LI-178987'),(440,'7501287678003',2,3,1,6,1,'2015-09-22','2014-06-09 15:28:28',140.44,92.13,18,75.5466,25,13,105,0,'LI-178987'),(441,'7501165000254',2,3,1,6,1,'2016-03-31','2014-06-09 15:57:47',85.7,59.8,0,59.8,20,9,68,0,'LI-178987'),(442,'891671002277',2,3,1,6,1,'2016-01-31','2014-06-09 16:17:29',316.87,203.97,0,203.97,28,25,228,0,'LI-178987'),(443,'7501086300143',2,3,1,6,5,'2015-10-31','2014-06-09 16:21:17',110.15,59.09,0,59.09,25,24,83,0,'LI-178987'),(444,'7501086301041',2,3,1,6,6,'2016-01-11','2014-06-09 17:26:58',101.16,54.27,0,325.61,22,25,79,0,'LI-178987'),(445,'7501034665027',2,3,1,6,1,'2016-08-31','2014-06-09 19:00:59',200.45,137.99,0,137.99,25,13,150,0,'LI-178987'),(446,'7501303451603',2,3,1,6,1,'2016-10-31','2014-06-09 22:17:40',381,287.1,0,287.1,20,18,305,0,'LI-178987'),(447,'7501298215099',2,3,1,6,4,'2015-06-30','2014-06-09 22:19:38',83.27,47,0,47,28,13,60,0,'LI-178987'),(448,'7501159580182',2,3,1,6,1,'2015-10-31','2014-06-09 22:22:08',146.02,101.91,0,101.91,22,13,114,0,'LI-178987'),(449,'7501070612368',2,3,1,6,4,'2016-03-31','2014-06-09 22:27:46',139,93.46,0,93.46,22,16,109,0,'LI-178987'),(450,'8033622630029',2,3,1,6,1,'2015-08-31','2014-06-09 22:35:11',209,81.51,0,81.51,28,70,151,0,'LI-178987'),(451,'7501258204118',2,3,1,6,1,'2016-03-31','2014-06-09 22:38:34',128,82.39,0,82.39,25,14,96,0,'LI-178987'),(452,'7501871720118',2,3,1,6,1,'2017-02-28','2014-06-09 22:40:45',409,273.28,0,273.28,30,14,287,0,'LI-178987'),(453,'7501065053367',2,3,1,6,1,'2016-01-31','2014-06-09 22:54:04',126.9,68.68,0,68.68,28,23,91,0,'LI-178987'),(454,'650240007019',2,3,1,6,2,'2015-05-31','2014-06-09 23:01:46',115,83.9,0,83.9,0,32,115,16,'LI-178987'),(455,'7501034670069',2,3,1,6,1,'2016-08-31','2014-06-09 23:04:45',207.53,129.87,0,129.87,28,20,149,0,'LI-178987'),(456,'650240009556',2,3,1,6,2,'2017-04-28','2014-06-09 23:15:21',89,69.9,0,69.9,0,20,89,16,'LI-179020'),(457,'650240004001',2,3,1,6,1,'2016-12-31','2014-06-09 23:17:27',73,53.13,0,53.13,0,20,73,16,'LI-179020'),(458,'7501006803051',2,3,1,6,1,'2016-07-31','2014-06-09 23:23:33',30,8.3,0,8.3,0,22,30,16,'LI.-179020'),(459,'7501035908130',2,3,3,6,4,'2016-02-29','2014-06-09 23:28:44',38,28.9,0,28.9,0,10,38,16,'LI-179020'),(460,'650240011832',2,3,3,6,1,'2016-12-31','2014-06-09 23:31:16',90,70.46,0,70.46,0,20,90,16,'LI-179020'),(461,'7501318635784',2,4,1,7,1,'2015-09-30','2014-06-10 13:31:27',225,169.54,0,188.38,20,11,180,0,'2220819'),(462,'650240013805',2,4,1,7,1,'2016-01-31','2014-06-10 13:44:18',40,15.01,0,15.01,0,25,40,NULL,'2220819'),(463,'7501088509773',2,4,1,7,3,'2016-02-29','2014-06-10 13:53:06',111,75.07,0,75.07,28,5,80,0,'2220819'),(464,'7501250810621',2,4,1,7,1,'2017-02-28','2014-06-10 13:58:15',924,486.88,0,486.88,30,161,647,0,'2220819'),(465,'7501043111850',2,4,1,7,1,'2015-09-30','2014-06-10 14:13:45',481.95,285.47,0,285.47,30,52,337,0,'2220819'),(466,'7501037950526',2,4,1,7,1,'2015-06-30','2014-06-10 14:18:37',607.17,423.07,0,423.07,28,14,437,0,'2220819'),(467,'7501289511414',2,4,1,7,2,'2017-01-31','2014-06-10 14:59:19',61.67,36.29,0,36.29,0,25,61,0,'2220819'),(468,'7501314704392',2,4,1,7,1,'2015-11-30','2014-06-10 15:05:58',210,147.45,0,147.45,20,21,168,0,'2220819'),(469,'7501088505478',2,4,1,7,1,'2016-02-29','2014-06-10 15:09:37',118,82.06,0,82.06,20,13,95,0,'2220819'),(470,'7501250838274',2,3,1,7,1,'2015-09-08','2014-06-10 15:13:33',693,446.37,0,446.37,32,26,472,0,'2220819'),(471,'650240029028',2,4,1,7,1,'2015-08-31','2014-06-10 15:17:52',91.88,67.92,0,67.92,15,11,78,0,'2220819'),(472,'650240007828',2,4,1,7,4,'2016-08-31','2014-06-10 15:22:29',25,15.61,0,15.61,0,10,25,16,'220775'),(473,'7501125100192',2,1,4,24,7,'2015-11-30','2014-06-10 18:47:27',58,0,0,0,0,58,58,0,'0'),(474,'7501125100253',2,1,4,24,16,'2015-04-30','2014-06-10 18:52:04',58,0,0,0,0,58,58,0,'0'),(475,'7501125100246',2,1,4,24,2,'2016-12-31','2014-06-10 18:54:55',40,0,0,0,0,40,40,0,'0'),(476,'7501125100864',2,1,4,24,6,'2015-08-31','2014-06-10 18:59:14',58,0,0,0,0,58,58,0,'0'),(477,'7501125100130',2,1,4,24,17,'2016-07-31','2014-06-10 19:02:25',58,0,0,0,0,58,58,0,'0'),(478,'7501125100123',2,1,4,24,16,'2016-05-31','2014-06-10 19:04:50',40,0,0,0,0,40,40,0,'0'),(479,'7501125100116',2,1,4,24,6,'2015-06-30','2014-06-10 20:46:27',22,0,0,0,0,22,22,0,'0'),(480,'7501328979144',2,3,1,6,1,'2015-03-31','2014-06-11 14:32:20',825.55,572.13,0,572.13,8,187,759,0,'LI-180866'),(481,' 7730979094092',2,3,1,6,1,'2015-05-31','2014-06-11 15:23:23',840,563.92,0,563.92,30,25,588,0,'LI-180866'),(482,'7501287678171',2,3,1,6,1,'2016-02-29','2014-06-11 15:35:40',207.35,136.02,0,136.02,28,13,149,0,'LI-180866'),(483,'7501070612856',2,3,1,6,3,'2016-03-31','2014-06-11 20:03:07',270,182.7,0,182.7,28,13,195,0,'LI-180866'),(484,'7501298212210',2,3,1,6,1,'2017-01-31','2014-06-11 20:17:33',567.72,316.42,0,316.42,32,70,386,0,'LI-180866'),(485,'7501092743033',2,3,1,6,2,'2015-10-31','2014-06-11 20:20:51',331,216.54,0,216.54,30,16,232,0,'LI-180866'),(486,'7501871720828',2,3,1,6,1,'2016-07-31','2014-06-11 20:39:39',413,284.56,0,284.56,28,14,298,0,'LI-180866'),(487,'7501871720675',2,3,1,6,1,'2016-06-30','2014-06-11 20:42:13',191,126.61,0,126.61,28,12,138,0,'LI-180866'),(488,'7501033954078',2,3,1,6,1,'2016-02-27','2014-06-11 20:44:04',50,36.26,0,36.26,0,14,50,0,'LI-180866'),(489,'7501871720590',2,3,1,6,1,'2016-01-31','2014-06-11 20:51:42',964,655.68,0,655.68,30,20,675,0,'LI-180866'),(490,'714706100109',2,3,1,6,1,'2016-05-31','2014-06-11 21:02:54',108.87,66.34,0,66.34,28,12,78,0,'LI-180866'),(491,'7501082203202',2,3,1,6,2,'2015-11-30','2014-06-11 21:17:57',371.41,239.08,0,239.08,30,21,260,0,'LI-180866'),(492,'7501034635044',2,3,1,6,2,'2016-10-31','2014-06-11 21:24:37',146.4,78.98,0,78.98,0,68,146,0,'LI-180866'),(493,'7891010030087',2,3,3,6,5,'2016-08-31','2014-06-11 21:28:20',28,14.44,0,14.44,0,14,28,0,'LI-180946'),(494,'7501101623769',2,2,1,11,10,'2015-12-31','2014-06-11 22:30:41',298,121.38,0,121.38,30,88,209,0,'1063'),(495,'7501101620027',2,2,1,11,4,'2015-11-30','2014-06-11 22:37:25',392,170,0,170,30,105,275,0,'1063'),(496,'7502216930421',2,2,1,11,5,'2016-02-29','2014-06-11 22:45:29',174.53,66.48,0,66.48,28,60,126,0,'1063'),(497,'7501188800084',2,2,1,11,2,'2016-04-30','2014-06-11 23:05:25',99.5,33.76,0,33.76,20,47,80,0,'2039'),(498,'7501123011605',2,5,1,13,10,'2016-09-30','2014-06-12 13:44:13',58,21,0,21,20,26,47,0,'V250486'),(499,'7501349015081',2,5,1,13,20,'2016-02-29','2014-06-12 14:04:18',46,7.56,0,7.56,35,23,30,0,'V250491'),(500,'7501349015074',2,5,2,13,20,'2016-02-29','2014-06-12 14:13:44',46,7.56,0,7.56,35,23,30,0,'V2504'),(501,'7501471889475',2,5,2,13,5,'2016-07-31','2014-06-12 16:56:16',156.06,29.91,0,29.91,35,73,102,0,'V250491'),(502,'7501573900115',2,5,2,13,10,'2016-03-31','2014-06-12 16:59:30',48,11.04,0,11.04,35,21,32,0,'V250486'),(503,'1306881052251',2,5,2,13,7,'2016-12-31','2014-06-12 19:23:21',93,24.49,0,24.49,35,37,61,0,'V250485'),(504,'7502261160101',2,5,2,13,1,'2015-03-24','2014-06-12 19:29:24',108,24.84,0,24.84,35,47,71,0,'V250485'),(505,'7502261160231',2,5,2,13,2,'2016-02-29','2014-06-12 19:31:48',150,34.5,0,34.5,35,64,98,0,'V250485'),(506,'714908100259',2,5,2,13,4,'2016-04-30','2014-06-12 19:34:24',109.8,25.16,0,25.16,35,46,71,0,'V250485'),(507,'7501123013807',2,5,1,13,4,'2016-01-31','2014-06-12 19:37:45',293.04,117.22,0,117.22,25,103,220,0,'V250485'),(508,'7501342800509',2,5,2,13,5,'2016-01-31','2014-06-12 19:40:33',88,20.24,0,20.24,35,38,58,0,'V250494'),(509,'7501537102111',2,5,2,13,7,'2017-03-10','2014-06-12 19:44:00',48,10.99,0,10.99,35,22,32,0,'V250491'),(510,'008400002181',2,5,2,13,1,'2015-09-30','2014-06-12 19:48:17',55,33,0,33,35,3,36,0,'V250494'),(511,'785118752361',2,5,2,13,7,'2016-02-29','2014-06-12 19:55:10',72,13.8,0,13.8,0,59,72,0,'V250494'),(512,'7502867760057',2,5,2,13,10,'2016-02-29','2014-06-12 20:00:18',190,27.31,0,27.31,35,97,124,0,'V250494'),(513,'7502261160088',2,5,2,13,5,'2015-09-30','2014-06-12 20:03:01',375,86.25,0,86.25,35,158,244,0,'V250494'),(514,'7501573900269',2,5,2,13,5,'2016-11-30','2014-06-12 20:18:27',10,6.33,0,6.33,0,4,10,0,'V250493'),(515,'7501537102579',2,5,2,13,5,'2015-12-26','2014-06-12 20:29:29',30,6.83,0,6.83,35,14,20,0,'V250493'),(516,'780083140762',2,5,2,13,5,'2016-02-29','2014-06-12 20:34:57',42,9.66,0,9.66,35,19,28,0,'V250493'),(517,'7502001160088',2,5,1,13,4,'2015-11-30','2014-06-12 20:56:36',42.5,9.78,0,9.78,35,19,28,0,'V250493'),(518,'7502001162426',2,5,2,13,4,'2016-04-30','2014-06-12 21:06:37',265,60.95,0,60.95,35,113,173,0,'V250493'),(519,'7501573900122',2,5,2,13,3,'2015-09-30','2014-06-12 21:09:14',60,13.8,0,13.8,35,26,39,0,'V250492'),(520,'7501563381788',2,5,2,13,5,'2016-08-31','2014-06-12 21:11:53',82.5,15.81,0,15.81,35,39,54,0,'V250492'),(521,'7501537102319',2,5,2,13,5,'2019-02-13','2014-06-12 21:15:30',40.7,9.36,0,9.36,35,17,26,0,'V250492'),(522,'7501537151010',2,5,2,13,6,'2015-10-21','2014-06-12 21:19:01',120,27.6,0,27.6,35,51,78,0,'V250492'),(523,'780083140939',2,5,2,13,1,'2017-01-31','2014-06-12 21:22:12',204,46.92,0,46.92,35,87,133,0,'V250492'),(524,'780083140922',2,5,2,13,1,'2015-11-30','2014-06-12 21:25:30',226,51.98,0,51.98,35,96,147,0,'V250492'),(525,'7501075714173',2,5,2,13,5,'2016-02-29','2014-06-12 21:28:11',40,9.2,0,9.2,35,17,26,0,'V250492'),(526,'7502001161627',2,5,2,13,4,'2015-04-30','2014-06-12 21:30:34',57,13.11,0,13.11,35,25,38,0,'V250492'),(527,'656599040868',2,5,2,13,6,'2017-03-31','2014-06-12 21:36:33',92.7,21.32,0,21.32,35,39,60,0,'V250492'),(528,'7502208892737',2,5,2,13,3,'2016-04-30','2014-06-12 21:39:34',135,25.88,0,25.88,35,63,88,0,'V250491'),(529,'7501573900047',2,5,2,13,5,'2016-02-29','2014-06-12 21:43:37',69,15.87,0,15.87,35,30,45,0,'V250493'),(530,'780083140441',2,5,2,13,3,'2016-03-31','2014-06-12 21:45:46',180,41.4,0,41.4,35,76,117,0,'V250485'),(531,'7501037908640',2,3,1,6,1,'2016-01-31','2014-06-14 17:50:34',122.76,84.51,0,84.51,22,11,95,0,'LI-182362'),(532,'7501070612894',2,3,1,6,1,'2015-12-31','2014-06-14 21:11:53',415,280,0,280,30,11,291,0,'LI-182362'),(533,'7501065052506',2,3,1,6,1,'2016-08-06','2014-06-14 23:47:04',47.79,22.15,0,22.15,20,16,38,0,'LI-182362'),(534,'7501072310392',2,3,1,6,2,'2015-06-30','2014-06-14 23:59:25',79,49.04,0,49.04,20,15,64,0,'LI-182362'),(535,'7501089802019',2,3,1,6,1,'2017-03-31','2014-06-15 14:11:09',174.5,113.07,0,113.07,28,13,126,0,'LI-184481'),(536,'7501008433553',2,3,1,6,2,'2015-09-30','2014-06-15 14:31:25',48,32.73,0,32.73,20,7,39,0,'LI-184481'),(537,'300090275051',2,3,1,6,1,'2016-02-29','2014-06-15 14:42:38',346.71,227.44,0,227.44,30,15,242,0,'LI-184481'),(538,'7501124723170',2,3,1,6,1,'2016-01-31','2014-06-15 15:10:43',295,233.05,0,233.05,15,18,251,0,'LI-184481'),(539,'7501089809445',2,3,1,6,1,'2016-01-31','2014-06-15 15:16:03',171.35,111.03,0,111.03,28,13,124,0,'LI-184481'),(540,'7501065030405',2,3,1,6,3,'2014-06-15','2014-06-15 17:19:08',26.7,16.46,0,16.46,20,5,21,0,'LI-1844'),(541,'7501298217659',2,3,1,6,2,'2015-11-30','2014-06-15 23:11:44',423.47,236.02,0,236.02,30,60,296,0,'LI-184481'),(542,'7501174601022',2,3,1,6,1,'2016-03-31','2014-06-15 23:14:27',135.62,85.01,0,85.01,28,13,98,0,'LI-184480'),(543,'7501033957239',2,3,1,6,1,'2015-09-10','2014-06-15 23:16:18',274.1,226.54,0,226.54,5,35,261,0,'LI-184481'),(544,'7501188800176',2,3,1,6,2,'2015-09-30','2014-06-15 23:18:58',47.94,35.94,0,35.94,10,8,43,0,'LI-184480'),(545,'7501008465622',2,3,1,6,1,'2015-11-30','2014-06-15 23:22:54',80,54.55,0,54.55,20,10,64,0,'LI-184480'),(546,'7501124813949',2,3,1,6,1,'2015-12-31','2014-06-15 23:25:14',69.27,45.15,0,45.15,20,11,56,0,'LI-184481'),(547,'7501089803146',2,3,1,6,1,'2016-03-31','2014-06-15 23:26:38',316.3,204.96,0,204.96,30,18,222,0,'LI-184480'),(548,'7501109900329',2,3,1,6,1,'2015-10-31','2014-06-15 23:29:30',152.47,103.17,0,103.17,25,11,114,0,'LI-184480'),(549,'300093116016',2,3,1,6,1,'2015-01-31','2014-06-15 23:35:34',327.84,215.06,0,215.06,30,14,229,0,'LI-184480'),(550,'7501124110086',2,3,1,6,1,'2016-01-31','2014-06-15 23:48:00',279.03,175.03,0,175.03,25,35,210,0,'LI-184481'),(551,'7501034667083',2,3,1,6,1,'2015-05-26','2014-06-15 23:50:46',279.83,175.13,0,175.13,28,26,201,0,'LI-184481'),(552,'650240008917',2,3,1,6,1,'2015-03-31','2014-06-15 23:55:32',199.5,169.49,0,236.36,0,30,199,0,'LI-184480'),(553,'7896009490651',2,3,1,6,1,'2016-11-30','2014-06-16 00:10:02',99,65.45,0,65.45,0,34,99,0,'LI-184480'),(554,'7501299355039',2,3,1,6,1,'2015-11-30','2014-06-16 00:12:01',62,40.63,0,40.63,20,10,50,0,'LI-184480'),(555,'7501033954061',2,3,1,6,1,'2015-11-30','2014-06-16 00:18:28',50,36.26,0,36.26,0,14,50,0,'LI-184481'),(556,'7501033956126',2,3,1,6,1,'2015-03-31','2014-06-16 00:27:51',51,37.52,0,37.52,0,14,51,0,'LI-184481'),(557,'7501056330279',2,3,1,6,1,'2015-08-31','2014-06-16 00:34:50',72,49.03,0,49.03,0,23,72,0,'LI-184478'),(558,'7509546048338',2,3,1,6,2,'2016-11-18','2014-06-16 00:38:28',24,18.67,0,18.67,0,6,24,0,'LI-184478'),(559,'7509546003122',2,3,1,6,5,'2017-10-28','2014-06-16 00:42:06',24,18.67,0,18.67,0,6,24,0,'LI-184478'),(560,'7501685173131',2,3,1,6,1,'2017-12-31','2014-06-16 00:44:23',76,45.54,0,45.54,0,31,76,0,'LI-184480'),(561,'650240014529',2,3,1,6,1,'2017-09-30','2014-06-16 00:46:57',25,19.91,0,19.91,0,6,25,0,'LI-184478'),(562,'7501075714739',2,3,2,6,9,'2017-03-31','2014-06-16 14:51:51',31.1,7.7,0,7.7,35,14,21,0,'122953'),(563,'7502006927501',2,6,2,10,3,'2016-03-31','2014-06-16 15:52:14',90,22.5,0,22.5,35,37,59,0,'122953'),(564,'780083141585',2,6,2,10,3,'2016-01-02','2014-06-16 16:46:36',54,13.5,0,13.5,35,23,36,0,'122953'),(565,'7502009740251',2,3,2,10,2,'2016-01-31','2014-06-16 16:51:42',75,22.5,0,68.75,35,27,49,0,'122953'),(566,'7502004400150',2,6,2,10,3,'2015-05-31','2014-06-16 17:27:33',114,31.6,0,31.6,35,44,75,0,'122950'),(567,'7501122963806',2,1,1,11,1,'2015-03-24','2014-06-16 17:31:56',147,58.8,0,58.8,28,48,106,0,'3721'),(568,'7501390910984',2,1,1,11,1,'2016-02-29','2014-06-16 17:38:43',370,146.06,0,146.06,15,169,315,0,'3721'),(569,'7501101627507',2,1,1,11,1,'2015-10-31','2014-06-16 17:45:04',331,152.6,0,152.6,0,179,331,0,'3721'),(570,'7501070618995',2,1,1,11,1,'2015-11-30','2014-06-16 17:58:05',250,125,0,125,28,55,180,0,'3721'),(571,'7501101601279',2,1,1,11,1,'2015-02-25','2014-06-16 18:02:00',359,152.26,0,152.26,28,107,259,0,'4817'),(572,'7501299300251',2,1,1,11,1,'2015-12-31','2014-06-16 18:08:39',95,42.75,0,42.75,22,33,75,0,'4817'),(573,'7501188801548',2,1,1,11,1,'2015-07-31','2014-06-16 18:12:09',151.1,73.57,0,73.57,25,41,114,0,'2622'),(574,'7502009340161',2,3,1,6,1,'2015-12-31','2014-06-16 18:15:15',76.5,34.27,0,34.27,20,27,61,0,'2622'),(575,'7501122963707',2,1,1,11,1,'2015-04-30','2014-06-16 18:18:39',244,112.4,0,112.4,20,84,196,0,'2622'),(576,'75004996',2,1,1,11,1,'2016-09-30','2014-06-16 18:21:05',177.5,65.83,0,65.83,15,86,151,0,'2622'),(577,'7501390910861',2,1,1,11,1,'2015-08-31','2014-06-16 18:24:45',134,99.16,0,99.16,20,9,108,0,'2622'),(578,'7501390912544',2,1,1,11,1,'2015-04-30','2014-06-16 18:30:26',157,116.18,0,116.18,20,10,126,0,'2622'),(579,'7502216930599',2,1,1,11,1,'2015-10-31','2014-06-16 18:38:18',218.42,100.47,0,100.47,25,64,164,0,'2622'),(580,'7501123017300',2,1,1,11,1,'2015-08-31','2014-06-16 18:43:47',211.35,97.22,0,97.22,28,55,152,0,'4817'),(581,'7501299301142',2,1,1,11,1,'2015-06-30','2014-06-16 19:18:42',135,67.5,0,67.5,25,35,102,0,'4398'),(582,'7501123015009',2,1,1,11,1,'2015-03-31','2014-06-16 20:33:32',61.6,26.4,0,26.4,25,20,46,0,'4398'),(583,'7501390911226',2,1,1,11,1,'2015-08-31','2014-06-16 20:41:07',255,188.7,0,188.7,20,16,204,0,'4398'),(584,'7501122963028',2,1,1,11,1,'2016-12-31','2014-06-16 21:24:15',189.63,72.24,0,72.24,28,64,136,0,'4398'),(585,'7501123011704',2,1,1,11,1,'2016-08-31','2014-06-16 21:33:26',318.64,133.02,0,133.02,30,90,223,0,'4398'),(586,'7501122963103',2,1,1,11,1,'2016-04-30','2014-06-16 21:58:21',147,66.15,0,66.15,28,40,106,0,'4433'),(587,'7501390911219',2,1,1,11,1,'2015-08-31','2014-06-16 22:07:39',196,145.04,0,145.04,25,2,147,0,'1533'),(588,'7501188801876',2,1,1,11,1,'2015-07-31','2014-06-16 22:11:06',175,94.18,0,94.18,20,46,140,0,'1533'),(589,'7501188800916',2,1,1,11,1,'2015-09-30','2014-06-16 22:15:35',90.66,29.36,0,29.36,20,43,72,0,'1533'),(590,'7501070614461',2,1,1,11,1,'2015-08-31','2014-06-16 22:24:26',175,83,0,83,25,49,132,0,'1063'),(591,'7501123013401',2,1,1,11,1,'2015-12-31','2014-06-16 22:26:53',118.5,50.2,0,50.2,28,35,85,0,'1063'),(592,'7501123013418',2,1,1,11,1,'2015-01-31','2014-06-16 22:30:09',114.5,48.5,0,48.5,20,44,92,0,'1063'),(593,'7501390911035',2,1,1,11,1,'2015-08-31','2014-06-16 22:32:55',291,215.34,0,215.34,20,18,233,0,'1063'),(594,'7501390912537',2,1,1,11,1,'2014-03-15','2014-06-16 22:41:19',199,147.26,0,147.26,22,9,156,NULL,'1063'),(595,'7502009340154',2,1,1,11,1,'2015-07-31','2014-06-16 22:50:14',61.85,29.87,0,29.87,20,20,49,0,'1063'),(596,'7501188800893',2,1,1,11,1,'2015-02-28','2014-06-16 22:53:44',35.13,14.05,0,14.05,0,21,35,0,'1063'),(597,'7501293200267',2,1,1,11,1,'2015-08-31','2014-06-16 22:56:30',257.62,118.5,0,118.5,28,67,185,0,'1063'),(598,'7501123019403',2,1,1,11,1,'2016-01-31','2014-06-16 22:59:29',181.35,78.19,0,78.19,28,53,131,0,'3218'),(599,'7501050610704',2,1,1,11,1,'2015-11-01','2014-06-16 23:02:27',328,201.12,0,201.12,30,29,230,0,'3218'),(600,'7501022101209',2,1,1,11,1,'2017-04-29','2014-06-16 23:07:04',37,26.45,0,26.45,0,11,37,0,'3218'),(601,'7501022101049',2,1,1,11,1,'2015-06-30','2014-06-16 23:09:33',30,21.16,0,21.16,0,9,30,0,'3218'),(602,'7501893800898',2,1,1,11,1,'2015-09-30','2014-06-16 23:11:26',251.82,115.83,0,115.83,28,66,181,0,'3218'),(603,'7501125116247',2,1,1,11,1,'2018-06-30','2014-06-16 23:21:12',57.76,46.2,0,46.2,0,11,57,0,'2075'),(604,'7501070613884',2,1,1,11,1,'2015-06-30','2014-06-16 23:25:01',159,54.06,0,54.06,30,58,112,0,'2075'),(605,'7501385491153',2,1,1,11,1,'2015-06-30','2014-06-16 23:30:01',159,54.06,0,54.06,30,58,112,0,'2075'),(606,'7501070613884',2,1,1,11,1,'2015-11-30','2014-06-16 23:38:52',121,45.98,0,45.98,30,40,85,0,'0'),(607,'7501037908640',2,3,1,6,1,'2016-01-31','2014-06-17 17:20:20',122.76,84.51,18,69.2982,22,11,95,0,'LI-178987'),(608,'7501324402356',2,3,1,6,1,'2016-09-30','2014-06-17 17:23:42',217,129,25,96.75,28,28,157,0,'LI-184481'),(609,'7501033954061',2,3,1,6,1,'2015-09-30','2014-06-17 17:49:39',50,36.26,5,0,0,14,50,0,''),(610,'650240007828',2,4,1,7,1,'2016-09-30','2014-06-17 19:48:51',25,15.61,0,15.61,0,10,25,0,'2258553'),(611,'7791293020297',2,4,1,7,1,'2017-01-28','2014-06-17 19:53:46',45,27.9,16,23.436,0,18,45,0,'2258553'),(612,'7702003476594',2,4,4,7,1,'2017-01-28','2014-06-17 20:00:40',30,17.01,5,16.1595,0,13,30,0,'2258553'),(613,'7501124103323',2,4,1,7,1,'2016-02-29','2014-06-17 20:20:46',150,92.81,9,84.4571,25,21,113,0,'2258553'),(614,'7501300407061',2,4,1,7,1,'2018-01-31','2014-06-17 20:31:05',139,86.88,0,86.88,28,15,101,0,'2258553'),(615,'7501300408228',2,4,1,7,1,'2016-01-31','2014-06-17 20:36:02',163,101.88,0,101.88,28,17,118,0,'2258553'),(616,'7506309862057',2,4,3,7,1,'2015-12-24','2014-06-17 20:45:06',37,22.5,17,18.675,0,15,37,0,'2258553'),(617,'7702018913978',2,4,3,7,1,'2016-08-31','2014-06-17 20:47:27',25,14.3,17,11.869,0,11,25,0,'2258553'),(618,'7501022150184',2,4,3,7,1,'2016-02-29','2014-06-17 20:51:29',17,12.8,2,12.544,0,5,17,0,'2258553'),(619,'7501289511117',2,4,1,7,1,'2017-03-31','2014-06-17 20:54:31',86.98,51.19,9,46.5829,25,14,65,0,'2258553'),(620,'650240029165',2,4,1,7,1,'2016-02-29','2014-06-17 20:58:03',136.9,101.15,0,101.15,13,18,119,0,'2258553'),(621,'7506309808369',2,3,3,7,1,'2016-06-30','2014-06-17 21:09:21',156,104,10,93.6,0,52,156,0,'2258553'),(622,'7506309808390',2,4,3,7,1,'2017-04-29','2014-06-17 21:14:28',57,33.62,10,30.258,0,24,57,0,'2258553'),(623,'75030148',2,4,3,7,1,'2015-12-31','2014-06-17 21:21:28',17,7.5,17,6.225,0,10,17,0,'2258553'),(624,'75030094',2,4,3,7,1,'2017-09-30','2014-06-17 22:09:44',17,7.5,17,6.225,0,10,17,0,'2258553'),(625,'75029920',2,4,3,7,1,'2016-08-27','2014-06-17 22:14:54',17,7.5,17,6.225,0,10,17,0,'2258553'),(626,'7506295304227',2,4,3,7,1,'2019-03-31','2014-06-17 22:21:22',34,21.78,17,18.0774,0,13,34,0,'2258553'),(627,'7501001163983',2,4,3,7,1,'2017-12-30','2014-06-17 22:24:56',34,21.78,17,18.0774,0,13,34,0,'2258553'),(628,'020800753067',2,4,1,7,1,'2016-02-29','2014-06-17 22:27:23',49.5,28.56,5,27.132,20,12,40,0,'2258553'),(629,'7501056330491',2,4,3,7,1,'2016-06-30','2014-06-17 22:33:37',54,39.33,0,39.33,0,15,54,0,'2258553'),(630,'7501080950139',2,4,1,7,1,'2016-09-30','2014-06-17 22:37:21',39,11,8,10.12,0,28,39,0,'2258553'),(631,'7502214982514',2,4,1,7,1,'2018-09-30','2014-06-17 22:40:13',24,13.51,8,12.4292,0,11,24,0,'2258553'),(632,'7501080950139',2,4,1,7,1,'2016-09-30','2014-06-17 22:50:59',39,24,18,19.68,0,15,39,0,'2258553'),(633,'7502214980015',2,4,1,7,1,'2018-06-30','2014-06-17 22:52:07',21,11,8,10.12,0,10,21,0,'2258553'),(634,'7502214982477',2,4,1,7,1,'2018-10-31','2014-06-17 23:00:44',24,13.51,8,12.4292,0,11,24,0,'2258553'),(635,'7501080950146',2,4,1,7,1,'2018-11-30','2014-06-17 23:20:09',41,23.99,18,19.6718,0,18,41,0,'2258553'),(638,'7702006912136',2,4,3,7,1,'2017-11-30','2014-06-18 01:29:59',32,18.91,16,15.8844,0,17,32,0,'2258553'),(639,'7791293003283',2,4,3,7,1,'2016-09-30','2014-06-18 01:32:31',32,18.91,16,15.8844,0,17,32,0,'2258553'),(640,'7501056336394',2,4,3,7,1,'2017-06-30','2014-06-18 01:35:02',32,18.91,16,15.8844,0,17,32,0,'2258553'),(642,'7501056332983',2,4,3,7,1,'2016-11-26','2014-06-18 01:37:05',32,18.91,16,15.8844,0,17,32,0,'2258553'),(643,'7702006912891',2,4,3,7,1,'2017-10-31','2014-06-18 01:42:07',32,18.91,16,15.8844,0,17,32,0,'2258553'),(645,'7501390912551',2,7,1,12,1,'2015-07-31','2014-06-18 01:45:54',291,238.92,40,174.6,28,36,210,0,'66504'),(646,'7501124810917',2,7,1,11,1,'2016-01-31','2014-06-18 01:48:56',129.67,85.56,0,85.56,25,12,97,0,'2258553'),(648,'650240005398',2,4,1,7,1,'2017-05-31','2014-06-18 01:52:58',73,59.41,0,59.41,0,14,73,0,'2258553'),(649,'7501070615246',2,7,1,12,1,'2018-10-31','2014-06-18 01:55:50',432,306.16,38,267.84,30,36,303,0,'66504'),(651,'7501048694105',2,4,4,7,1,'2019-03-30','2014-06-18 01:58:18',20,12.08,9,10.9928,0,10,20,0,'2258553'),(652,'7501048694501',2,4,4,7,1,'2017-12-31','2014-06-18 02:00:22',30,16.51,0,16.51,0,14,30,0,'2258553'),(655,'7501048693009',2,4,4,7,1,'2016-03-26','2014-06-18 02:02:29',9,3.88,9,3.5308,0,6,9,0,'2258553'),(659,'354312225010',6,7,1,12,1,'2017-03-31','2014-06-18 02:16:33',26.38,20.68,35,17.147,10,7,24,0,'66504'),(660,'354312225010',1,7,1,12,1,'2017-03-31','2014-06-18 02:35:23',26.38,20.68,35,17.147,10,7,24,0,'66504'),(661,'7501123013135',2,7,1,12,1,'2015-12-31','2014-06-18 02:42:22',389.79,312.91,66,132.5286,30,144,273,0,'0'),(662,'7501287630926',1,3,1,6,1,'2015-04-30','2014-06-18 13:57:43',218,143.01,18,117.2682,28,40,157,0,'LI-186551'),(663,'7501287630926',1,3,1,6,1,'2015-04-30','2014-06-18 13:57:43',218,143.01,18,117.2682,28,40,157,0,'LI-186551'),(664,'7501287630926',1,3,1,6,1,'2015-04-30','2014-06-18 13:57:43',218,143.01,18,117.2682,28,40,157,0,'LI-186551'),(665,'7501287630926',1,3,1,6,1,'2015-04-30','2014-06-18 15:16:23',218,143.01,18,117.2682,28,40,157,0,'LI-186551'),(666,'7501089803368',2,3,1,6,1,'2015-02-08','2014-06-18 15:37:09',246.75,159,0,159,28,18,177,0,'LI-186546'),(667,'7501109904426',1,3,1,6,1,'2016-01-31','2014-06-18 15:45:16',217,153.31,0,153.31,25,10,163,0,'LI-186546'),(668,'7501089800664',2,3,1,6,1,'2016-02-29','2014-06-18 15:48:02',654.15,423.89,0,423.89,30,35,458,0,'LI-186546'),(669,'650240006654',2,3,1,6,1,'2015-08-31','2014-06-18 15:51:44',66,48.36,0,48.36,0,18,66,16,'LI-186546'),(670,'7501108761808',1,3,1,6,1,'2015-07-31','2014-06-18 15:55:15',137.11,89.38,18,73.2916,25,30,103,0,'LI-186546');
/*!40000 ALTER TABLE `mercancia_mercancia` ENABLE KEYS */;
UNLOCK TABLES;

--
-- Table structure for table `pc_pc`
--

DROP TABLE IF EXISTS `pc_pc`;
/*!40101 SET @saved_cs_client     = @@character_set_client */;
/*!40101 SET character_set_client = utf8 */;
CREATE TABLE `pc_pc` (
  `id` int(11) NOT NULL AUTO_INCREMENT,
  `nombre_pc` varchar(200) NOT NULL,
  `categoria_id` int(11) DEFAULT NULL,
  `descuento_medicamento_generico` int(11) DEFAULT NULL,
  `status` tinyint(1) NOT NULL,
  PRIMARY KEY (`id`),
  KEY `pc_pc_64c3c188` (`categoria_id`),
  CONSTRAINT `categoria_id_refs_id_67a690ef` FOREIGN KEY (`categoria_id`) REFERENCES `categoria_categoria` (`id`)
) ENGINE=InnoDB AUTO_INCREMENT=6 DEFAULT CHARSET=latin1;
/*!40101 SET character_set_client = @saved_cs_client */;

--
-- Dumping data for table `pc_pc`
--

LOCK TABLES `pc_pc` WRITE;
/*!40000 ALTER TABLE `pc_pc` DISABLE KEYS */;
INSERT INTO `pc_pc` VALUES (1,'PC1',2,20,1),(2,'PC2',NULL,NULL,1),(3,'Administrador',NULL,NULL,1),(4,'mario',NULL,NULL,1),(5,'pc mary',NULL,NULL,1);
/*!40000 ALTER TABLE `pc_pc` ENABLE KEYS */;
UNLOCK TABLES;

--
-- Table structure for table `productos_mejor_proveedor`
--

DROP TABLE IF EXISTS `productos_mejor_proveedor`;
/*!40101 SET @saved_cs_client     = @@character_set_client */;
/*!40101 SET character_set_client = utf8 */;
CREATE TABLE `productos_mejor_proveedor` (
  `id` int(11) NOT NULL AUTO_INCREMENT,
  `producto_id` varchar(200) NOT NULL,
  `proveedor_id` int(11) NOT NULL,
  `precio` double NOT NULL,
  PRIMARY KEY (`id`),
  KEY `productos_mejor_proveedor_2d3cc3fc` (`producto_id`),
  KEY `productos_mejor_proveedor_1722107b` (`proveedor_id`),
  CONSTRAINT `producto_id_refs_codigo_671462c0` FOREIGN KEY (`producto_id`) REFERENCES `productos_producto` (`codigo`),
  CONSTRAINT `proveedor_id_refs_id_74d11eba` FOREIGN KEY (`proveedor_id`) REFERENCES `proveedores_proveedores` (`id`)
) ENGINE=InnoDB AUTO_INCREMENT=646 DEFAULT CHARSET=latin1;
/*!40101 SET character_set_client = @saved_cs_client */;

--
-- Dumping data for table `productos_mejor_proveedor`
--

LOCK TABLES `productos_mejor_proveedor` WRITE;
/*!40000 ALTER TABLE `productos_mejor_proveedor` DISABLE KEYS */;
INSERT INTO `productos_mejor_proveedor` VALUES (2,'07432354',2,4.34),(9,'7503000033045',3,95),(10,'7501361692970',3,298.21),(11,'7501174607024',3,305),(12,'7501122961413',3,147.706),(13,'7501123011209',3,385.4432),(14,'7501050612067',3,144.2462),(15,'7501124103323',3,82.7052),(16,'7501298211442',3,51.03),(17,'7501064560156',3,28.3),(18,'736085132069',3,34.2148),(19,'7501033920745',3,213.94),(20,'7501034665553',3,34.0956),(21,'7501159551014',3,336.63),(22,'650240007408',3,38.25),(23,'7501287630124',3,61.0162),(24,'7501072300133',3,44.93),(25,'7501100088217',3,34.34),(26,'7501089810403',3,240.67),(27,'7501109904792',3,73.52),(28,'7501037946246',3,583.0528),(29,'7501109902866',3,60.6),(30,'7501034650559',3,74.62),(31,'7501446000553',3,14.2106),(32,'7730979094092',3,563.92),(33,'650240003974',3,153.81),(34,'7501124109929',3,82.7052),(35,'7501050625395',3,17.7038),(36,'7501324402356',3,96.75),(37,'7501165000278',3,77.32),(38,'7501108766797',3,90.774),(39,'7501324402394',3,197.58),(40,'7501094911485',3,53.2426),(41,'7501324403070',3,128.02),(42,'7501050630023',3,45.0754),(43,'650240001314',3,293.68),(44,'650240015762',3,69.9),(45,'650240010583',3,69.9),(46,'650240009549',3,69.9),(47,'7501287678034',3,106.5836),(48,'300055501331',3,57.4328),(49,'7501108761860',3,84.05),(50,'7501165006683',3,219.37),(51,'7501050617079',3,26.4286),(52,'7501050610704',3,176.8248),(53,'7501299301111',3,53.751),(54,'7501108767527',3,41.0164),(55,'7501064550980',3,168.89),(56,'7502235760108',3,165.64),(57,'7502209290075',3,328.5576),(58,'7501008433515',3,46.4038),(59,'7501037910063',3,200.941),(60,'7501037905588',3,368.8688),(61,'7501033920325',3,192.0358),(62,'7896116861566',3,217.68),(63,'7501298244808',3,266.07),(64,'7501165007659',3,81.51),(65,'7501064560163',3,26.8222),(66,'7501165000209',3,79.33),(67,'7501008485408',3,17.3348),(68,'7501008486320',3,20.6886),(69,'070501092002',3,60.6),(70,'7501328979915',3,63.7),(71,'7501287630506',3,82.779),(72,'7501094910570',3,58.4578),(73,'7501165005839',3,516.53),(74,'7501037946185',3,529.269),(75,'7501328978994',3,522.51),(76,'7501008443033',3,15.6538),(77,'7501124103392',3,71.627),(78,'7501092793045',3,110.56),(79,'7501008485057',3,37.044),(80,'7590002012468',3,32.7918),(81,'7501086300136',3,58.138),(82,'7501088505706',4,35.85),(83,'7501088505355',4,36.52),(84,'7501300409584',4,154.38),(85,'7501318646360',4,119.82),(86,'7501008427330',4,68.31),(87,'7501299303085',4,35.58),(88,'748499100022',4,218),(89,'748499075214',4,192.52),(90,'7501159525015',4,80.18),(91,'650240026393',4,51.22),(92,'7501390911011',4,100.23),(93,'041388284316',4,93.4),(94,'7501228300277',4,196.32),(95,'650240011085',4,127.42),(96,'7501050612364',4,250.75),(97,'7501299301401',4,69.65),(98,'7501041941022',4,139.93),(99,'8027950210183',4,139.64),(100,'020800753050',4,43.88),(101,'7501300408211',4,37.5),(102,'75005689',4,32.18),(103,'75005702',4,26.33),(104,'650240011177',4,71.32),(105,'7501314703227',4,185.11),(106,'650240005398',4,59.41),(107,'7501125109928',4,73.72),(108,'650240010712',4,42.42),(109,'7501314704743',4,119.36),(110,'650240011351',4,50.92),(111,'650240006647',4,50.92),(112,'780083141066',5,19.32),(113,'7501825300120',5,12.77),(114,'7501825300885',5,14.21),(115,'7501825301561',5,22.78),(116,'7501825301578',5,17.12),(117,'7501825302599',5,27.84),(118,'7502006923572',5,10.35),(119,'1306881052183',5,34.76),(120,'1306881057034',5,34.76),(121,'7501836000972',5,14.49),(122,'7501836003218',5,18.63),(123,'785120754131',5,32.34),(124,'785120754179',5,30.36),(125,'785118752477',5,18.63),(126,'785118752590',5,25.53),(127,'785120754841',5,28.98),(128,'7503000422627',5,21.39),(129,'7502001165014',5,21.85),(130,'7502001163751',5,21.28),(131,'7502001165120',5,21.85),(132,'7502001163232',5,13.11),(133,'7502001160385',5,13.11),(134,'7502001160125',5,20.93),(135,'7502001169289',5,12.88),(136,'7502009742132',5,19.32),(137,'7502223552418',5,29.9),(138,'7502223553675',5,9.86),(139,'7501075710724',5,12.65),(140,'7502004402352',5,37.26),(141,'7501130713851',5,43.71),(142,'7501109790524',5,23.38),(143,'7502003380217',5,8.56),(144,'7502003387629',5,19.04),(145,'7502003388107',5,15.87),(146,'7502261160057',5,31.21),(147,'714908100242',5,26.6),(148,'7502001165526',5,11.73),(149,'7502001165564',5,13.46),(150,'7502001169142',5,42.55),(151,'7503000422429',5,17.25),(152,'7503000422436',5,28.29),(153,'7502009740206',5,20.7),(154,'7502009740213',5,31.05),(155,'7502009740497',5,19.32),(156,'7502009740268',5,15.18),(157,'7503000422467',5,23.46),(158,'7502009740657',5,15.87),(159,'7503000422719',5,15.18),(160,'7503000422184',5,16.56),(161,'7503000422191',5,24.84),(162,'7502009740343',5,17.94),(163,'7503000422498',5,22.77),(164,'7502009740978',5,31.05),(165,'7502009740763',5,45.54),(166,'7502009740992',5,36.57),(167,'7502009741470',5,38.64),(168,'7502009740480',5,31.74),(169,'7501342800554',5,20.47),(170,'7503003134268',5,34.5),(171,'7501289541053',5,58.17),(172,'7501573900221',5,10.35),(173,'803288480225',5,22.08),(174,'7502208892232',5,17.46),(175,'7502208892294',5,14.17),(176,'7502208892287',5,19.73),(177,'7502208892256',5,6.07),(178,'7501537102173',5,5.69),(179,'7501537163266',5,32.2),(180,'780083141929',5,13.8),(181,'780083140663',5,13.8),(182,'780083140595',5,23.46),(183,'7501056355593',4,17.95),(184,'7501056359232',4,17.95),(185,'7501009000709',4,148.74),(186,'7501384541248',4,649.89),(187,'736085039603',4,47.02),(188,'7501065060587',4,30.05),(189,'354312225027',4,35.52),(190,'067238891190',4,13.08),(191,'7501027551306',4,18.66),(192,'312547321808',4,24.77),(193,'7501130525133',4,8.35),(194,'7501130510016',4,8.06),(195,'7501035908246',4,10.34),(196,'7509546058818',4,8.06),(197,'7501050652544',4,203.37),(198,'7501056330255',4,22.78),(199,'7501056325442',4,15.88),(200,'7501058368119',4,29.56),(201,'7501022105283',4,9.64),(202,'7501056339548',4,22.27),(203,'7501108767947',4,84.78),(204,'7501050613453',4,42.41),(205,'7501088505157',4,91.31),(206,'7501299306277',4,48.75),(207,'7501008496152',4,47.61),(208,'7501273500332',4,125.14),(209,'7501318688827',4,110.78),(210,'714706901607',4,13.41),(211,'7501037908534',4,245.41),(212,'7501318697409',4,112.81),(213,'7501314701827',4,308.94),(214,'7501122960317',4,250.82),(215,'7501050624572',4,46.19),(216,'7501065060594',4,223.8),(217,'7501033955556',4,361.28),(218,'650240008092',4,84.91),(219,'7501050619974',4,30.96),(220,'75004972',4,106.91),(221,'7501159526029',4,152.95),(222,'7501109904143',4,257.38),(223,'7501300407054',4,56.88),(224,'7501072340108',4,203.45),(225,'736085402346',4,400.51),(226,'748499000155',4,119.01),(227,'7501094916251',4,337.37),(228,'650240017094',4,29.67),(229,'650240001314',4,254.14),(230,'650240003950',4,57.86),(231,'7501095409004',4,29.89),(232,'7501326004176',4,381.57),(233,'736085105032',4,62.85),(234,'7501318620223',4,162.77),(235,'300090444037',4,142.59),(236,'650240019999',4,67.92),(237,'7501034645012',4,89.36),(238,'7501049721114',4,224.65),(239,'7501064560194',4,30.64),(240,'7501109902637',4,44.06),(241,'7501034650580',4,72.91),(242,'650240015571',4,33.92),(243,'7891106904353',4,204.21),(244,'7501165000230',4,44.74),(245,'7502209290587',4,369.68),(246,'7501034635181',4,135.36),(247,'7501095467264',4,87.1),(248,'7501124103248',4,98.38),(249,'7501094910464',4,80.37),(250,'7501050611657',4,141.55),(251,'7501050611671',4,172.76),(252,'7501022101681',4,107.16),(253,'7501061019008',4,171.1),(254,'7501008409541',4,36.57),(255,'7501034670120',4,394.56),(256,'650240028670',4,126.65),(257,'714706100901',4,95.13),(258,'7501299306130',4,85.63),(259,'7501095452178',4,44.42),(260,'7501095452147',4,31.46),(261,'7501095452116',4,22.45),(262,'7501287630926',4,144.75),(263,'7501124815653',4,81.61),(264,'7501124815660',4,81.61),(265,'7501050611220',4,36.15),(266,'7501109900626',4,53.76),(267,'7501092779278',3,240.09),(268,'7501070622152',3,127.44),(269,'7501050633659',4,83.2054),(270,'7501070612832',3,148.1494),(271,'650240005428',3,135.92),(272,'7502234766019',3,52),(273,'7501033956331',3,37.64),(274,'7501070613549',3,81.99),(275,'7501092772385',3,136.73),(276,'7501057006418',3,26.85),(277,'7501006850031',3,10.15),(278,'7501006850024',3,15.5),(279,'650240004292',3,15.62),(280,'650240014512',3,15.62),(281,'7501027553294',3,26.64),(282,'7501065070067',3,16.24),(283,'650240019173',3,14.91),(284,'7891010007263',3,37.77),(285,'7501075718959',3,107.69),(286,'7501258208499',6,75),(287,'7502003388053',6,72.22),(288,'7501590233043',6,39.5),(289,'7502240450148',6,75),(290,'780083142308',6,33),(291,'7502004401454',6,17),(292,'7501056346188',4,21.79),(293,'650240004643',4,15.61),(294,'7501022105344',4,9.64),(295,'7501080951235',4,27.34),(296,'7501022150221',4,9.64),(297,'7501022150092',4,11),(298,'7501070613440',4,88.42),(299,'7501088509810',4,52.34),(300,'7501009000808',4,112.56),(301,'7501318645080',4,82.1),(302,'7501061002703',4,28.72),(303,'7501061002802',4,28.78),(304,'7501061002550',4,28.72),(305,'7501300408747',4,96.88),(306,'650240003967',4,42.41),(307,'650240026331',4,51.22),(308,'650240026324',4,73.2),(309,'7501300407139',4,135.5),(310,'7501001353377',4,39.97),(311,'7501034635198',4,217.49),(312,'7501088505508',4,212.11),(313,'7501385493850',4,260.33),(314,'7501250838526',4,347.18),(315,'7501008497357',3,106),(316,'7501871720415',3,186.93),(317,'7501089803351',3,131.33),(318,'7501070613082',3,93.46),(319,'7501050602112',3,49.13),(320,'7501008485033',3,41.16),(321,'7501095452505',3,50.72),(322,'7501092793038',3,128.22),(323,'7501008485316',3,19),(324,'7501070613587',3,92.45),(325,'7501035908116',3,15.73),(326,'7501007528793',3,21.89),(327,'7501174600124',3,43.31),(328,'7501070635596',3,127.92),(329,'650240021886',3,94.06),(330,'7501027875754',3,17.77),(331,'7501109901517',3,204.5),(332,'736085278507',3,35.77),(333,'7501287652744',3,251.9204),(334,'7501050602013',3,120.62),(335,'650240010538',3,21),(336,'7501100088170',3,52.52),(337,'7501095451096',3,18.11),(338,'7501165005372',3,54.64),(339,'7501142925150',3,167.04),(340,'7501537184711',5,59.93),(341,'7501590211171',5,29.67),(342,'7501590211201',5,41.4),(343,'7501590211225',5,31.05),(344,'780083140083',5,21.39),(345,'780083142537',5,28.29),(346,'7501836009807',5,19.8),(347,'7501836002969',5,25.46),(348,'7501075710786',5,4.83),(349,'7501130713172',5,34.76),(350,'7501258206563',5,30.43),(351,'7502001166028',5,11.73),(352,'7502240450230',5,21.39),(353,'7503003134411',5,33.35),(354,'7502208892751',5,21.51),(355,'780083141882',5,31.74),(356,'7501385450235',5,24.53),(357,'7501836000194',5,22.63),(358,'785120754117',5,55.2),(359,'7502009740503',5,31.05),(360,'7502001160415',5,8.4),(361,'7502001161610',5,36.11),(362,'7503001007120',5,8.05),(363,'785120753530',5,62.1),(364,'7502227870648',5,31.28),(365,'7501109904426',3,153.31),(366,'300055502635',3,105.9604),(367,'7501109900350',3,143.07),(368,'650240011153',3,71.32),(369,'7501165000360',3,66.34),(370,'7501095452130',3,61.44),(371,'7501165001220',3,176.76),(372,'7501089803153',3,575),(373,'7501089810021',3,82.59),(374,'7501057005749',3,46.46),(375,'7501089809452',3,94.51),(376,'7501165005624',3,473.46),(377,'7501573900153',5,6.33),(378,'7501573920182',5,35.42),(379,'7501573900016',5,6.5),(380,'7501825300137',5,5.71),(381,'7501836000927',5,25.25),(382,'7501075715927',5,3.9),(383,'7502004400204',5,49.68),(384,'7502003385540',5,25.05),(385,'7502001160026',5,13.57),(386,'7502001160019',5,13.57),(387,'7502001164024',5,20.7),(388,'7501547524088',5,7.59),(389,'7502208892355',5,4.56),(390,'780083140328',5,41.4),(391,'7502213040086',5,35.64),(392,'7501130713158',5,31.33),(393,'7501258205092',5,24.87),(394,'7502001161511',5,13.11),(395,'7501547509016',5,22.77),(396,'7502208892249',5,5.31),(397,'785120754247',5,33.35),(398,'785118752491',5,48.3),(399,'7503000422665',5,16.56),(400,'7502003385038',5,42.92),(401,'7502001163942',5,16.56),(402,'780083141578',5,12.42),(403,'7501672600503',5,5.75),(404,'7501573900085',5,12.19),(405,'780083141714',5,19.55),(406,'7501825300649',5,12.54),(407,'785120754810',5,30.36),(408,'7501258200127',5,33.22),(409,'7501471888034',5,34.49),(410,'656599040608',5,28.43),(411,'7501672690177',5,14.03),(412,'7501537102586',5,15.37),(413,'780083141226',5,20.7),(414,'780083142018',5,13.8),(415,'7501842900105',5,11.5),(416,'7501836000118',5,25.05),(417,'7502211781585',5,18.17),(418,'785120754254',5,28.98),(419,'7501258205979',5,25.84),(420,'7502001165144',5,15.07),(421,'7502001162532',5,10.93),(422,'7501537164638',5,20.91),(423,'7501537101886',5,10.63),(424,'7501537105471',5,11.73),(425,'7501836000873',5,12.42),(426,'637420440835',5,16),(427,'7502009740275',5,14.49),(428,'7502009740282',5,11.34),(429,'7502003380590',5,20.42),(430,'7502003388510',5,20.63),(431,'7502001165205',5,10.93),(432,'7501165003040',3,85.02),(433,'7501125116810',3,11.06),(434,'7501092708032',3,128.22),(435,'7501037900576',3,74.27),(436,'7501092776642',3,242.22),(437,'650240000973',3,267.67),(438,'7501287678003',3,75.5466),(439,'7501165000254',3,59.8),(440,'891671002277',3,203.97),(441,'7501086300143',3,59.09),(442,'7501086301041',3,325.61),(443,'7501034665027',3,137.99),(444,'7501303451603',3,287.1),(445,'7501298215099',3,47),(446,'7501159580182',3,101.91),(447,'7501070612368',3,93.46),(448,'8033622630029',3,81.51),(449,'7501258204118',3,82.39),(450,'7501871720118',3,273.28),(451,'7501065053367',3,68.68),(452,'650240007019',3,83.9),(453,'7501034670069',3,129.87),(454,'650240009556',3,69.9),(455,'650240004001',3,53.13),(456,'7501006803051',3,8.3),(457,'7501035908130',3,28.9),(458,'650240011832',3,70.46),(459,'7501318635784',4,188.38),(460,'650240013805',4,15.01),(461,'7501088509773',4,75.07),(462,'7501250810621',4,486.88),(463,'7501043111850',4,285.47),(464,'7501037950526',4,423.07),(465,'7501289511414',4,36.29),(466,'7501314704392',4,147.45),(467,'7501088505478',4,82.06),(468,'7501250838274',3,446.37),(469,'650240029028',4,67.92),(470,'650240007828',4,15.61),(471,'7501125100192',1,0),(472,'7501125100253',1,0),(473,'7501125100246',1,0),(474,'7501125100864',1,0),(475,'7501125100130',1,0),(476,'7501125100123',1,0),(477,'7501125100116',1,0),(478,'7501328979144',3,572.13),(479,' 7730979094092',3,563.92),(480,'7501287678171',3,136.02),(481,'7501070612856',3,182.7),(482,'7501298212210',3,316.42),(483,'7501092743033',3,216.54),(484,'7501871720828',3,284.56),(485,'7501871720675',3,126.61),(486,'7501033954078',3,36.26),(487,'7501871720590',3,655.68),(488,'714706100109',3,66.34),(489,'7501082203202',3,239.08),(490,'7501034635044',3,78.98),(491,'7891010030087',3,14.44),(492,'7501101623769',2,121.38),(493,'7501101620027',2,170),(494,'7502216930421',2,66.48),(495,'7501188800084',2,33.76),(496,'7501123011605',5,21),(497,'7501349015081',5,7.56),(498,'7501349015074',5,7.56),(499,'7501471889475',5,29.91),(500,'7501573900115',5,11.04),(501,'1306881052251',5,24.49),(502,'7502261160101',5,24.84),(503,'7502261160231',5,34.5),(504,'714908100259',5,25.16),(505,'7501123013807',5,117.22),(506,'7501342800509',5,20.24),(507,'7501537102111',5,10.99),(508,'008400002181',5,33),(509,'785118752361',5,13.8),(510,'7502867760057',5,27.31),(511,'7502261160088',5,86.25),(512,'7501573900269',5,6.33),(513,'7501537102579',5,6.83),(514,'780083140762',5,9.66),(515,'7502001160088',5,9.78),(516,'7502001162426',5,60.95),(517,'7501573900122',5,13.8),(518,'7501563381788',5,15.81),(519,'7501537102319',5,9.36),(520,'7501537151010',5,27.6),(521,'780083140939',5,46.92),(522,'780083140922',5,51.98),(523,'7501075714173',5,9.2),(524,'7502001161627',5,13.11),(525,'656599040868',5,21.32),(526,'7502208892737',5,25.88),(527,'7501573900047',5,15.87),(528,'780083140441',5,41.4),(529,'7501037908640',3,69.2982),(530,'7501070612894',3,280),(531,'7501065052506',3,22.15),(532,'7501072310392',3,49.04),(533,'7501089802019',3,113.07),(534,'7501008433553',3,32.73),(535,'300090275051',3,227.44),(536,'7501124723170',3,233.05),(537,'7501089809445',3,111.03),(538,'7501065030405',3,16.46),(539,'7501298217659',3,236.02),(540,'7501174601022',3,85.01),(541,'7501033957239',3,226.54),(542,'7501188800176',3,35.94),(543,'7501008465622',3,54.55),(544,'7501124813949',3,45.15),(545,'7501089803146',3,204.96),(546,'7501109900329',3,103.17),(547,'300093116016',3,215.06),(548,'7501124110086',3,175.03),(549,'7501034667083',3,175.13),(550,'650240008917',3,236.36),(551,'7896009490651',3,65.45),(552,'7501299355039',3,40.63),(553,'7501033954061',3,0),(554,'7501033956126',3,37.52),(555,'7501056330279',3,49.03),(556,'7509546048338',3,18.67),(557,'7509546003122',3,18.67),(558,'7501685173131',3,45.54),(559,'650240014529',3,19.91),(560,'7501075714739',3,7.7),(561,'7502006927501',6,22.5),(562,'780083141585',6,13.5),(563,'7502009740251',3,68.75),(564,'7502004400150',6,31.6),(565,'7501122963806',1,58.8),(566,'7501390910984',1,146.06),(567,'7501101627507',1,152.6),(568,'7501070618995',1,125),(569,'7501101601279',1,152.26),(570,'7501299300251',1,42.75),(571,'7501188801548',1,73.57),(572,'7502009340161',3,34.27),(573,'7501122963707',1,112.4),(574,'75004996',1,65.83),(575,'7501390910861',1,99.16),(576,'7501390912544',1,116.18),(577,'7502216930599',1,100.47),(578,'7501123017300',1,97.22),(579,'7501299301142',1,67.5),(580,'7501123015009',1,26.4),(581,'7501390911226',1,188.7),(582,'7501122963028',1,72.24),(583,'7501123011704',1,133.02),(584,'7501122963103',1,66.15),(585,'7501390911219',1,145.04),(586,'7501188801876',1,94.18),(587,'7501188800916',1,29.36),(588,'7501070614461',1,83),(589,'7501123013401',1,50.2),(590,'7501123013418',1,48.5),(591,'7501390911035',1,215.34),(592,'7501390912537',1,147.26),(593,'7502009340154',1,29.87),(594,'7501188800893',1,14.05),(595,'7501293200267',1,118.5),(596,'7501123019403',1,78.19),(597,'7501050610704',1,201.12),(598,'7501022101209',1,26.45),(599,'7501022101049',1,21.16),(600,'7501893800898',1,115.83),(601,'7501125116247',1,46.2),(602,'7501070613884',1,45.98),(603,'7501385491153',1,54.06),(604,'7791293020297',4,23.436),(605,'7702003476594',4,16.1595),(606,'7501124103323',4,84.4571),(607,'7501300407061',4,86.88),(608,'7501300408228',4,101.88),(609,'7506309862057',4,18.675),(610,'7702018913978',4,11.869),(611,'7501022150184',4,12.544),(612,'7501289511117',4,46.5829),(613,'650240029165',4,101.15),(614,'7506309808369',3,93.6),(615,'7506309808390',4,30.258),(616,'75030148',4,6.225),(617,'75030094',4,6.225),(618,'75029920',4,6.225),(619,'7506295304227',4,18.0774),(620,'7501001163983',4,18.0774),(621,'020800753067',4,27.132),(622,'7501056330491',4,39.33),(623,'7501080950139',4,19.68),(624,'7502214982514',4,12.4292),(625,'7502214980015',4,10.12),(626,'7502214982477',4,12.4292),(627,'7501080950146',4,19.6718),(628,'7702006912136',4,15.8844),(629,'7791293003283',4,15.8844),(630,'7501056336394',4,15.8844),(631,'7501056332983',4,15.8844),(632,'7702006912891',4,15.8844),(633,'7501390912551',7,174.6),(634,'7501124810917',7,85.56),(635,'7501070615246',7,267.84),(636,'7501048694105',4,10.9928),(637,'7501048694501',4,16.51),(638,'7501048693009',4,3.5308),(639,'354312225010',7,17.147),(640,'7501123013135',7,132.5286),(641,'7501287630926',3,117.2682),(642,'7501089803368',3,159),(643,'7501089800664',3,423.89),(644,'650240006654',3,48.36),(645,'7501108761808',3,73.2916);
/*!40000 ALTER TABLE `productos_mejor_proveedor` ENABLE KEYS */;
UNLOCK TABLES;

--
-- Table structure for table `productos_producto`
--

DROP TABLE IF EXISTS `productos_producto`;
/*!40101 SET @saved_cs_client     = @@character_set_client */;
/*!40101 SET character_set_client = utf8 */;
CREATE TABLE `productos_producto` (
  `codigo` varchar(200) NOT NULL,
  `nombre_producto` varchar(200) NOT NULL,
  `categoria_id` int(11) NOT NULL,
  `total_piezas` int(11) NOT NULL,
  `precio_compra` double NOT NULL,
  `precio_venta` double NOT NULL,
  `numero_minimo_piezas` int(11) NOT NULL,
  `status` tinyint(1) NOT NULL,
  `tiene_codigo` tinyint(1) NOT NULL,
  PRIMARY KEY (`codigo`),
  KEY `productos_producto_64c3c188` (`categoria_id`),
  CONSTRAINT `categoria_id_refs_id_720949d3` FOREIGN KEY (`categoria_id`) REFERENCES `categoria_categoria` (`id`)
) ENGINE=InnoDB DEFAULT CHARSET=latin1;
/*!40101 SET character_set_client = @saved_cs_client */;

--
-- Dumping data for table `productos_producto`
--

LOCK TABLES `productos_producto` WRITE;
/*!40000 ALTER TABLE `productos_producto` DISABLE KEYS */;
INSERT INTO `productos_producto` VALUES (' 7730979094092','ASOFLON C30 0.4MG',1,1,563.92,588,1,1,1),('008400002181','PC GRIN  SOL OFT 10ML',2,1,33,36,1,1,1),('020800753050','PEPTOBISMOL SUSP 236ML',1,2,43.88,57,0,1,1),('020800753067','PEPTOBISMOL SUSP 118ML',1,1,27.132,40,1,1,1),('041388284316','KANKA SOL 9.7 ML',1,1,93.4,115,0,1,1),('067238891190','DOVE JBN BCO 135G',3,3,13.08,17,0,1,1),('070501092002','NEUTROGENA SH T/GEL 130ML',3,1,60.6,96,0,1,1),('07432354','bubu lubu',6,20,4.34,6,3,1,1),('1306881052183','NEURODEX T12 5MG ',2,25,34.76,59,0,1,1),('1306881052251','B-TRACET-PL  INY3  2 ML',2,7,24.49,61,1,1,1),('1306881057034','NEUROCER GRAG 30 ',2,5,34.76,86,0,1,1),('14392016','CEVALIN INF 100MG T100',1,1,67.67,86,1,1,1),('3','MUTIFON 100',10,4,95,100,1,1,0),('300055501331','CALTRATE 600+D T30 400UI',1,2,57.4328,81,0,1,1),('300055502635','CALTRATE 600+M T60 400UI',1,1,105.9604,143,1,1,1),('300090275051','DEPO-PROVERA JGA 1ML',1,1,227.44,242,1,1,1),('300090444037','LINCOCIN JBE 250MG/5ML',1,1,142.59,154,0,1,1),('300093116016','DALACIN T SOL 10MG  30ML',1,1,215.06,229,1,1,1),('312547321808','LISTERINE COOL MINT 250ML',3,2,24.77,45,0,1,1),('354312225010','DERMAN CREMA 25G',1,3,17.147,24,1,1,1),('354312225027','DERMAN CRA 50G',1,3,35.52,41,0,1,1),('4','CORTA UÑAS ',3,12,78,10,1,1,0),('637420440835','EPICOL  AD JBE 120ML',2,7,16,45,1,1,1),('650240000973','ASEPXIA C 30',1,1,267.67,315,1,1,1),('650240001314','NIKZON T90 MASTIC',1,1,254.14,299,0,1,1),('650240003950','GENOPRAZOL C14 20MG',1,5,57.86,68,0,1,1),('650240003967','GENOPRAZOL C7  20MG',1,5,42.41,52,0,1,1),('650240003974','CICATRICURE GEL30G DESVANECEDOR',1,1,153.81,210,0,1,1),('650240004001','ASEPXIA  SPOT GEL 28G TRANS',1,1,53.13,73,1,1,1),('650240004292','ASEPXIA JBN 100G FTE',3,2,15.62,25,0,1,1),('650240004643','ASEPXIA JBN 100G EXF',3,4,15.61,25,0,1,1),('650240005398','SILKA-MEDIC GEL 30G PIE ATLETA',1,3,59.41,73,0,1,1),('650240005428','DALAY C30',1,1,135.92,160,0,1,1),('650240006647','ULTRA BENGUE GEL ROJO 35G',1,1,50.92,60,0,1,1),('650240006654','BENGUE PLUS BMO POM 35G',1,1,48.36,66,1,1,1),('650240007019','MEDICASP 130ML',1,2,83.9,115,1,1,1),('650240007408','SILKA-MEDIC GEL 15G PIE ATLETA ',1,4,38.25,45,2,1,1),('650240007828','ASEPXIA JBN 100G AZUFRE ',1,5,15.61,25,1,1,1),('650240008092','DERMOPRADA  ANTIVERRUGAS SOL 10ML',1,1,84.91,100,0,1,1),('650240008917','COLEDIA T45   ',1,1,236.36,199,1,1,1),('650240009549','ASEPXIA MAQ PVO NAT MATE',3,1,69.9,89,0,1,1),('650240009556','ASEPXIA  MAQ PVO BEIGE MATE',1,2,69.9,89,1,1,1),('650240010538','NEXT  T10  500MG',1,15,21,36,0,1,1),('650240010583','ASEPXIA MAQ PVO 10G CLARO MATE',3,2,69.9,89,0,1,1),('650240010712','TUKOL-D AD JBE 125ML',1,3,42.42,62,0,1,1),('650240011085','METABOL TONICS SEN CAP30',1,1,127.42,150,0,1,1),('650240011153','LOMECAN V CRA VAG 20G',1,5,71.32,84,1,1,1),('650240011177','SHOT B GS CAP 30',1,1,71.32,84,0,1,1),('650240011351','UNESIA UNG 20G',1,3,50.92,70,0,1,1),('650240011832','TIO NACHO SH 415ML ANTC MZLLA',3,1,70.46,90,1,1,1),('650240013805','ALLIVIAX 550MG  T10',1,1,15.01,40,1,1,1),('650240014512','ASEPXIA JBN 100G TEA TREE',3,1,15.62,25,0,1,1),('650240014529','ASEPXIA JBN 100G BLACK',1,1,19.91,25,1,1,1),('650240015571','NASALUB INF NEB SOL 30ML',1,1,33.92,40,0,1,1),('650240015762','ASEPXIA MAQ PVO 10G BEIG CL',3,2,69.9,89,0,1,1),('650240017094','XL3 EXTRA C12',1,10,29.67,34,0,1,1),('650240019173','POMADA DE LA CAMPANA T28G',3,1,14.91,19,0,1,1),('650240019999','LOMECAN V OVU C3',1,5,67.92,80,0,1,1),('650240021886','DERMOPRADA ESCUDO S CRA FPS 55',1,1,94.06,120,0,1,1),('650240026324','GOICOECHEA CRA  DIABETTX  400ML',3,1,73.2,100,0,1,1),('650240026331','GOICOECHEA CRA ARNICA  400ML',3,1,51.22,70,0,1,1),('650240026393','GOICOECHEA CRA JALEA R 400ML',1,1,51.22,70,0,1,1),('650240028670','SHOT B GS 2 PACK C30',1,1,126.65,149,0,1,1),('650240029028','XYLOPROCT PLUS SUP C6 60MG',1,1,67.92,78,1,1,1),('650240029165','LOMECAN DUO CRA & OVU ',1,1,101.15,119,1,1,1),('656599040608','HIDROCLOROTIAZIDA T20  25MG',2,2,28.43,80,1,1,1),('656599040868','MEVICFOR T30 500MG',2,6,21.32,60,1,1,1),('714706100109','BRONCOLIN JBE 250ML',1,1,66.34,78,1,1,1),('714706100901','SUKROL T100',1,1,95.13,110,0,1,1),('714706901607','BRONCOLIN MIEL LIMON  C36',1,2,13.41,18,0,1,1),('714908100242','CALTRON SUSP 500MG/360ML',2,2,26.6,75,0,1,1),('714908100259','CALTRON +D  ',2,4,25.16,71,1,1,1),('736085039603','CLORAMFENI OFT GTS 15ML',1,1,47.02,56,0,1,1),('736085105032','LAV  OFT SOL 100ML',1,1,62.85,75,0,1,1),('736085132069','NAZIL SOL15ML OFT',1,2,34.2148,48,0,1,1),('736085278507','MANZANILLA SOPHIA GTS  15ML',1,2,35.77,48,0,1,1),('736085402346','GAAP OFT 0.005 SOL 3ML',1,1,400.51,456,0,1,1),('748499000155','VIRU-SEROL GEL10G ',1,1,119.01,133,0,1,1),('748499075214','ECLIPSOL 40 FILTRO S 125G',1,1,192.52,248,0,1,1),('748499100022','ECLIPSOLFORTE CRA FPS80 125G',1,1,218,280,0,1,1),('75004972','ESPACIL GTS 15ML',1,1,106.91,124,0,1,1),('75004996','ESPAVEN PED SUSP GTS 30ML ',1,1,65.83,151,1,1,1),('75005689','RESPICIL AD INY AMP 2ML',1,15,32.18,44,0,1,1),('75005702','RESPICIL INF  INY AMP 2ML',1,15,26.33,36,0,1,1),('7501001163983','OLD SPICE  FRESH  50G',3,1,18.0774,34,1,1,1),('7501001353377','PEPTOBISMOL CZA T24',1,5,39.97,56,0,1,1),('7501006803051','LA FLOR PVOS DE AZUFRE ',1,1,8.3,30,1,1,1),('7501006850024','ANABELLA CRA CONCHA NACA 50G',1,2,15.5,29,0,1,1),('7501006850031','ANABELLA CRA CONCHA NACA 25G',3,2,10.15,19,0,1,1),('7501007528793','LUBRIDERM CRA PIEL SECA 240ML',3,3,21.89,42,0,1,1),('7501008409541','SARIDON C20 500MG',1,4,36.57,48,0,1,1),('7501008427330','BEPANTHEN5 PDA 100G',1,1,68.31,85,0,1,1),('7501008433515','CAFIASPIRINA T100',1,4,46.4038,67,2,1,1),('7501008433553','CAFIASPIRINA  FORTE C24',1,2,32.73,39,1,1,1),('7501008443033','ALKA SELTZER T12',1,10,15.6538,23,0,1,1),('7501008465622','CEVALIN  T20 500MG',1,1,54.55,64,1,1,1),('7501008485033','TABCIN NOCHE C12',1,12,41.16,44,0,1,1),('7501008485057','TABCIN ACTIVE C12',1,12,37.044,44,4,1,1),('7501008485316','TABCIN  EFV T12',1,10,19,23,0,1,1),('7501008485408','TABCIN 500 T12  EFER',1,10,17.3348,25,0,1,1),('7501008486320','TABCIN T12  EFER INF CZA',1,4,20.6886,30,1,1,1),('7501008496152','ASPIRINA T100 500MG',1,4,47.61,56,0,1,1),('7501008497357','FLANAX  T20',1,3,106,117,0,1,1),('7501009000709','BACTRIM F T14  160MG/800MG',1,2,148.74,160,0,1,1),('7501009000808','BACTRIM  JBE 120ML',1,2,112.56,126,0,1,1),('7501022101049','EXCELSIOR POM 8G',1,1,21.16,30,1,1,1),('7501022101209','JABON DE AZUFRE 100G',1,1,26.45,37,1,1,1),('7501022101681','REUMOPHAN VIT  T20 250MG',1,1,107.16,123,0,1,1),('7501022105283','RICITOS ORO JBN MZLLA 100G',3,3,9.64,13,0,1,1),('7501022105344','RICITOS ORO JBN LAVANDA 90G',3,5,9.64,13,0,1,1),('7501022150092','GRISI JBN LECHE DE BURRA 125G',3,1,11,14,0,1,1),('7501022150184','GRISI JBN ALGAS MARINAS 125G',3,1,12.544,17,1,1,1),('7501022150221','RICITOS ORO JBN NEUTRO 90G',3,5,9.64,13,0,1,1),('7501027551306','EVENFLO ESCOBILLON DOBLE ',3,1,18.66,25,0,1,1),('7501027553294','ASPIRADOR NASAL ',3,2,26.64,35,0,1,1),('7501027875754','EYEMO SOL 15ML  USO DIARIO',1,2,17.77,28,0,1,1),('7501033920325','DEPAKENE C30 250MG',1,1,192.0358,250,0,1,1),('7501033920745','PANTOMICINA ES 600 T 24 ANT',1,1,213.94,231,0,1,1),('7501033954061','ENSURE SUPLEMENTO ALIM SABOR CHOCOLATE ',1,2,0,50,1,1,1),('7501033954078','ENSURE SUPLEMENTO ALIM SABOR FRESA',1,1,36.26,50,1,1,1),('7501033955556','CONTROLIP C15 160MG',1,1,361.28,381,0,1,1),('7501033956126','GLUCERNAS SR SABOR VAINILLA',1,1,37.52,51,1,1,1),('7501033956331','PEDIASURE PLUS LIQ 273ML FSA',1,1,37.64,51,0,1,1),('7501033957239','PEDIASURE PLUS PVO  FRESA  400G ',1,1,226.54,261,1,1,1),('7501034635044','ISODINE BUCOFARINGEO 120ML',1,2,78.98,146,1,1,1),('7501034635181','PHARMATON KIDDI JBE 100ML',1,1,135.36,166,0,1,1),('7501034635198','PHARMATON KIDDI JBE 200ML',1,1,279.83,175.13,0,1,1),('7501034645012','LONOL CRA 60G',1,2,89.36,102,0,1,1),('7501034650559','MUCOSOLVAN SOL 120ML',1,3,74.62,114,0,1,1),('7501034650580','MUCOANGIN MTA T20 20MG',1,2,72.91,84,0,1,1),('7501034665027','PERLUTAL  SOL INY 1ML',1,1,137.99,150,1,1,1),('7501034665553','PRODOLINA T 10 500MG',1,10,34.0956,51,2,1,1),('7501034667083','PHARMATON COMPLEX CAP 30',1,1,175.13,201,1,1,1),('7501034670069','PHARMATON  C30 ',1,1,129.87,149,1,1,1),('7501034670120','SERESIS C30 25MG ',1,1,394.56,408,0,1,1),('7501035908116','MENNEN TALCO DE BEBE 100G',3,5,15.73,21,0,1,1),('7501035908130','MENNEN TALCO DE BEBE 200G',3,4,28.9,38,1,1,1),('7501035908246','MENNEN ACEITE 100ML',3,5,10.34,17,0,1,1),('7501037900576','ALUPENT AMP 5  1ML',1,1,74.27,84,1,1,1),('7501037905588','CONBIVENT RESPIMAT CCHO 4.5ML',1,1,368.8688,471,0,1,1),('7501037908534','BUSCAPINA CPTO T36 10MG/250MG',1,2,245.41,264,0,1,1),('7501037908640','BUSCAPINA FEM T10 ',1,2,69.2982,95,1,1,1),('7501037910063','CONBIVENT A10 2.5ML',1,1,200.941,256,0,1,1),('7501037946185','MICARDIS T28 80MG',1,1,529.269,656,0,1,1),('7501037946246','MICARDIS PLUS T28 80MG/12.5MG',1,1,583.0528,743,0,1,1),('7501037950526','MACRODANTINA   T40  100MG',1,1,423.07,437,1,1,1),('7501041941022','PENTREXYL INY 1ML C3',1,2,139.93,154,0,1,1),('7501043111850','DERMATOVATE  CRA 0.044G 40G',1,1,285.47,337,1,1,1),('7501048693009','VENDA ELASTICA CM',4,1,3.5308,9,1,1,1),('7501048694105','VENDA ELASTICA 20CM',4,1,10.9928,20,1,1,1),('7501048694501','VENDA ELASTICA 30CM',4,1,16.51,30,1,1,1),('7501049721114','LUTORAL T20 2MG',1,1,224.65,261,0,1,1),('7501050602013','CORICIDIN EXPEC  SOL 120ML',1,1,120.62,103,0,1,1),('7501050602112','CORICIDIN EXPEC  SOL 60ML ',1,1,49.13,62,0,1,1),('7501050610704','DIPROSPAN HYPAK JGA PRELL IML',1,3,176.8248,230,0,1,1),('7501050611220','TINADERM CRA 30G',1,1,36.15,51,0,1,1),('7501050611657','QUADRIDERM NF CRA 25G',1,1,141.55,154,0,1,1),('7501050611671','QUADRIDERM NF CRA 40G',1,1,172.76,188,0,1,1),('7501050612067','CELESTONE T50 0.5MG',1,2,144.2462,210,0,1,1),('7501050612364','METICORTEN T30 20 MG',1,1,250.75,272,0,1,1),('7501050613453','AFRIN AD SPRAY 20ML',1,2,42.41,59,0,1,1),('7501050617079','DESENFRIOLITO PLUS T24 NJA',1,5,26.4286,40,2,1,1),('7501050619974','DESENFRIOLITO  SOL  PED 30ML',1,1,30.96,56,0,1,1),('7501050624572','CLORO TRIMETON GRAG 20 8MG',1,1,46.19,58,0,1,1),('7501050625395','DESENFRIOL D T12',1,5,17.7038,27,3,1,1),('7501050630023','LOTRIMIN AFPVO SPRAY 100G',1,3,45.0754,73,0,1,1),('7501050633659','CLARITYNE T10 10MG',1,1,83.2054,113,0,1,1),('7501050652544','METICORTEN T30 5MG',1,2,203.37,215,0,1,1),('7501056325442','PONDS  S CRA 50G',3,2,15.88,22,0,1,1),('7501056330255','PONDS NP CLARANT B3 CRA 50G',3,3,22.78,31,0,1,1),('7501056330279','PONDS CLARANT  S B3  CRA 200G',1,1,49.03,72,1,1,1),('7501056330491','PONDS REJUVENESS 100G',3,1,39.33,54,1,1,1),('7501056332983','SEDAL SH GLOSS  350ML',3,1,15.8844,32,1,1,1),('7501056336394','SEDAL SH CRECIMIENTO FORT 350ML',3,1,15.8844,32,1,1,1),('7501056339548','VASELINE PETROLATO PURO 100G',3,2,22.27,30,0,1,1),('7501056346188','DIVE CRA NUTRIC 200ML',3,2,21.79,30,0,1,1),('7501056355593','ANGEL FACE PONDS MAQ NAT2 11G',3,2,17.95,25,0,1,1),('7501056359232','ANGEL FACE PONDS MAQ CAN 11G',3,20,17.95,25,0,1,1),('7501057005749','BENADREX JBE 150ML',1,1,46.46,56,1,1,1),('7501057006418','LISTERINE PRE-CEPILLADO  236ML',3,2,26.85,51,0,1,1),('7501058368119','PRESERV SICO SENSIT CARTER C3',3,1,29.56,41,0,1,1),('7501061002550','CEPACOL MTA  C20 1.45MG',1,2,28.72,33,0,1,1),('7501061002703','CEPACOL CZA C20 1.45MG',1,2,28.72,33,0,1,1),('7501061002802','CEPACOL  MIEL/LIMON  C20 1.45MG',1,2,28.78,33,0,1,1),('7501061019008','RIFOCYNA SOL 1G/100ML',1,1,171.1,184,0,1,1),('7501064550980','AUGMENTIN 250/56.25MG-5ML JR',1,1,168.89,186,0,1,1),('7501064560156','IODEX NEG POM 60G',1,2,28.3,38,0,1,1),('7501064560163','IODEX CRISTAL UNG 60G',1,2,26.8222,44,0,1,1),('7501064560194','MEJORALITO  PED  T30  80MG ',1,3,30.64,40,0,1,1),('7501065030405','MEJORAL 500 T12',1,3,16.46,21,1,1,1),('7501065052506','EYEMO OJO ROJO GTS 15ML',1,1,22.15,38,1,1,1),('7501065053367','EMULSION  SCOTT 369ML NJA',1,1,68.68,91,1,1,1),('7501065060587','CONTAC ULTRA T12 500MG',1,20,30.05,36,0,1,1),('7501065060594',' EXH CONTAC ULTRA  C50 X T2',1,1,223.8,257,0,1,1),('7501065070067','HINDS  HIDRA ESEN CRA 230ML',3,2,16.24,22,0,1,1),('7501070612368','TREDA T20',1,4,93.46,109,1,1,1),('7501070612832','CLAVULIN 12H SUSP 400/57MG',1,2,148.1494,193,0,1,1),('7501070612856','CLAVULIN 12H  SUSP 600-42.9MG  50ML',1,3,182.7,195,1,1,1),('7501070612894','CLAVULIN T15 500MG/125MG',1,1,280,291,1,1,1),('7501070613082','ANDANTOL JBE 115ML',1,1,93.46,105,0,1,1),('7501070613440','AMOXIL C12 500MG',1,3,88.42,102,0,1,1),('7501070613549','AMOXIL SUSP 250MG/5ML',1,3,81.99,94,0,1,1),('7501070613587','AMOXIL SUSP 500MG/5ML',1,2,92.45,106,0,1,1),('7501070613884','PENBRITIN SUSP 250MG C100ML',1,2,45.98,85,1,1,1),('7501070614461','AMOXIBRON SUSP 250MG',1,1,83,132,1,1,1),('7501070615246','DAFLON 750T18',1,2,267.84,303,1,1,1),('7501070618995','AERO FIUX  2MG- 7.5MG 120 ML',1,1,125,180,1,1,1),('7501070622152','AMOXIBRON C12 500MG/8MG',1,2,127.44,140,0,1,1),('7501070635596','A.S.COR SOL GTS 24ML',1,3,127.92,168,0,1,1),('7501072300133','TING CRA 28G',1,2,44.93,58,0,1,1),('7501072310392','MELOX PLUS SUSP 360ML  SABOR CZA',1,2,49.04,64,1,1,1),('7501072340108','FLAGYSTATIN V 500MG',1,1,203.45,219,0,1,1),('7501075710724','CARPIN T20 200MG',2,3,12.65,36,0,1,1),('7501075710786','CIRULAN T20 10MG',2,12,4.83,14,0,1,1),('7501075714173','PRONTOL T20 100MG',2,5,9.2,26,1,1,1),('7501075714739','REGLUSAN T50   5MG ',2,9,7.7,21,1,1,1),('7501075715927','VERMISEN T6 200MG',2,5,3.9,11,1,1,1),('7501075718959','BELIVAG  T21 120MG',2,1,107.69,293,0,1,1),('7501080950139','PREVO TROJAN CLAS C3',1,2,19.68,39,1,1,1),('7501080950146','PREVO TROJAN TEXT ESPER C3',1,1,19.6718,41,1,1,1),('7501080951235','PREVO TROJAN  SENSIBLE C3',3,2,27.34,41,0,1,1),('7501082203202','ILOSONE LIQUIDO SUSP 250MG ',1,2,239.08,260,1,1,1),('7501086300136','OXAL SUSP 10ml 100/400mg inf',1,4,58.138,83,0,1,1),('7501086300143','OXAL SUSP 20 ML  200MG/400MG',1,5,59.09,83,1,1,1),('7501086301041','OXAL T2 ',1,6,325.61,79,1,1,1),('7501088505157','ALIN DEPOT F A 2ML',1,4,91.31,90,0,1,1),('7501088505355','ALIN OFT GTS 5ML',1,4,36.52,44,0,1,1),('7501088505478','SYNALAR SOL OFTA 15ML',1,1,82.06,95,1,1,1),('7501088505508','TOPSYN Y GEL 40G 0.05%',1,1,212.11,229,0,1,1),('7501088505706','ALIN  T30 0.75MG',1,4,35.85,43,0,1,1),('7501088509773','ANTIFLU-DES C24',1,3,75.07,80,1,1,1),('7501088509810','ANTIFLU-DES PED  SOL 30ML',1,6,52.34,65,0,1,1),('7501089800664','ATEMPERATOR LP  T20  600MG ',1,1,423.89,458,1,1,1),('7501089802019','ANGIOTROFIN T 30 30MG',1,1,113.07,126,1,1,1),('7501089803146','VIVITAR  T30 25MG',1,1,204.96,222,1,1,1),('7501089803153','VIVITAR T30 100MG',1,1,575,575,1,1,1),('7501089803351','AKINETON T30 2MG',1,1,131.33,146,0,1,1),('7501089803368','AKINETON  RETARD T20 4MG',1,1,159,177,1,1,1),('7501089809445','ESKAPAR  COMPUESTO  C20  200MG',1,1,111.03,124,1,1,1),('7501089809452','KAOMYCIN SUSP 180ML',1,1,94.51,105,1,1,1),('7501089810021','HERKLIN SH 100ML',1,1,82.59,96,1,1,1),('7501089810403','VENASTAT C60',1,1,240.67,260,0,1,1),('7501092708032','ALBOTHYL OV 6',1,1,128.22,142,1,1,1),('7501092743033','FERRANINA FOL T30 100MG/800',1,2,216.54,232,1,1,1),('7501092772385','PLANTABEN  SOB30 5G ',1,1,136.73,151,0,1,1),('7501092776642','ALVESCO AEROSOL 100MCG',1,1,242.22,259,1,1,1),('7501092779278','ALEVIAN DUO C16 100MG/300MG',1,1,240.09,257,0,1,1),('7501092793038','RIOPAN SUSP 250',1,1,128.22,142,0,1,1),('7501092793045','RIOPAN GEL SOB20 10ML',1,1,110.56,122,0,1,1),('7501094910464','PROCTO-GLYVENOL',1,1,80.37,91,0,1,1),('7501094910570','TESALON PERL 20 100MG',1,5,58.4578,79,0,1,1),('7501094911485','VOLTAREN EMULGEL 50G 40% GRATIS',1,1,53.2426,78,0,1,1),('7501094916251','VOLTAREN  AMP C5  75MG',1,1,337.37,351,0,1,1),('7501095409004','GRANEODIN FRAMB T24  10MG',1,1,29.89,42,0,1,1),('7501095451096','SAL DE UVAS PICOT SOB 10',1,9,18.11,24,0,1,1),('7501095452116','TEMPRA 500M T10',1,10,22.45,32,0,1,1),('7501095452130','TEMPRA JBE INF 120ML ',1,5,61.44,78,1,1,1),('7501095452147','TEMPRA 500M T20',1,9,31.46,53,0,1,1),('7501095452178','TEMPRA TAB MASTUVA T30 80MG',1,4,44.42,57,0,1,1),('7501095452505','TEMPRA FTE T24 650MG',1,10,50.72,72,0,1,1),('7501095467264','PICOT SAL DE UVAS DISP SOB C50',1,2,87.1,100,0,1,1),('7501100088170','TYLENON  SUSP 120ML PED CZA',1,1,52.52,64,0,1,1),('7501100088217','TYLENONSUSP 15ML PED CZA',1,1,34.34,46,1,1,1),('7501101601279','DOLO-TIAMINAL SOL INY  3 AMP 2ML',1,1,152.26,259,1,1,1),('7501101620027','TIAMIDEXAL AMP 3',1,4,170,275,1,1,1),('7501101623769','TIAMINAL B12  50.000 INY C5  AMP',1,10,121.38,209,1,1,1),('7501101627507','DOLO-TIAMINAL C24',1,1,152.6,331,1,1,1),('7501108761808','CENTRUM T30',1,2,73.2916,103,1,1,1),('7501108761860','CENTRUM SILVER T30',1,1,84.05,113,0,1,1),('7501108766797','ROBAX GOLD T24',1,1,90.774,122,0,1,1),('7501108767527','ADVIL MAX C10 400MG',1,2,41.0164,61,0,1,1),('7501108767947','ADVIL MAX C10 400MG',1,2,84.78,96,0,1,1),('7501109790524','ALKAGEL COMPLEX  SUSP 360ML',2,11,23.38,57,0,1,1),('7501109900329','DAKTARIN  CRA 30G',1,1,103.17,114,1,1,1),('7501109900350','GYNODAKTARIN CRA 78G',1,1,143.07,159,1,1,1),('7501109900626','VERMOX SUSP 30ML',1,2,53.76,64,0,1,1),('7501109901517','HALDOL T20 5MG',1,1,204.5,217,0,1,1),('7501109902637','MOTRIN  PED SUSP 40MG/1ML',1,3,44.06,56,0,1,1),('7501109902866','MOTRIN SUSP120ML FSA INF',1,5,60.6,73,0,1,1),('7501109904143','EVRA PCHE C3 6MG 0.60MG',1,1,257.38,270,0,1,1),('7501109904426','AMOEBRIZ SUSP  60/10mg',1,3,153.31,163,1,1,1),('7501109904792','VERMOX PLUS T2 300/150MG',1,5,73.52,85,1,1,1),('7501122960317','CLOBESOL0.05  CRA 30G',1,1,250.82,263,0,1,1),('7501122961413','CARBOTURAL T 60 250MG',1,1,147.706,185,0,1,1),('7501122963028','ESPAVEN ENZIMATICO T50 ',1,1,72.24,136,1,1,1),('7501122963103','ESPAVEN MD C20  40MG/10MG',1,1,66.15,106,1,1,1),('7501122963707','ESPACIL COMPUESTO  C20 125MG/10MG',1,1,112.4,196,1,1,1),('7501122963806','ESPACIL  T20 10MG',1,1,58.8,106,1,1,1),('7501123011209','CARDISPAN T 20 IG',1,1,385.4432,436,0,1,1),('7501123011605','ALIVIN PLUS AD 300.000',1,10,21,47,1,1,1),('7501123011704','FITOESTIMULINA CRA 30G',1,1,133.02,223,1,1,1),('7501123013135','DOLO BEDOYECTA',1,1,132.5286,273,1,1,1),('7501123013401','BREACOL JBE AD 120ML ',1,1,50.2,85,1,1,1),('7501123013418','BREACOL JBE INF 120ML',1,1,48.5,92,1,1,1),('7501123013807','OTO ENI GTS 10ML',1,4,117.22,220,1,1,1),('7501123015009','HIDROCILINA  INY 800000U',1,1,26.4,46,1,1,1),('7501123017300','SINPEBAC  CRA 15G',1,1,97.22,152,1,1,1),('7501123019403','YECTAMICINA SOL INY 160/2ML ',1,1,78.19,131,1,1,1),('7501124103248','PRAMIGEL SUSP 180ML',1,2,98.38,120,0,1,1),('7501124103323','CYCLOFEMINA',1,2,82.7052,113,0,1,1),('7501124103392','BROXOL AIR  SOL 60ML 150/40MG',1,2,71.627,97,0,1,1),('7501124109929','CYCLOFEMINA',1,1,82.7052,113,0,1,1),('7501124110086','BROXOL PLUS SOL GTS 20ML',1,1,175.03,210,1,1,1),('7501124723170','DILARMINE  T25  1MG -2MG',1,1,233.05,251,1,1,1),('7501124810917','SENOKOT F18 15MG',1,1,85.56,97,1,1,1),('7501124813949','SENOKOT T18 15MG',1,1,45.15,56,1,1,1),('7501124815653','TESALON AD MIEL/FSA 150ML',1,1,81.61,89,0,1,1),('7501124815660','TESALON AD MIEL/LMN 150ML',1,2,81.61,89,0,1,1),('7501125100116','SOLUCION HARTMANN  250ML',4,6,0,22,1,1,1),('7501125100123','SOLUCION CS  FICIOLOGICA  500ML',4,16,0,40,1,1,1),('7501125100130','SOLUCION CS  FICIOLOGICA  1000ML',4,17,0,58,1,1,1),('7501125100192','SOLUCION  MIXTA DX-CS 1L',4,7,0,58,1,1,1),('7501125100246','SOLUCION HARTMANN 500ML',4,2,0,40,1,1,1),('7501125100253','SOLUCION HARTMANN 1000ML',4,16,0,58,1,1,1),('7501125100864','SOLUCION  GLUCOSA 5% DX-5 1000ML',4,6,0,58,1,1,1),('7501125109928','SOLDRIN OTICO GTS 10ML',1,1,73.72,95,0,1,1),('7501125116247','BEPLENOVAX 500ML',1,1,46.2,57,1,1,1),('7501125116810','AGRIFEN T10 ',1,3,11.06,18,1,1,1),('7501130510016','MARIPOSA COLOR  NEGRO 601',3,6,8.06,15,0,1,1),('7501130525133','MARIPOSA COLORAZUL MARINO 606',3,5,8.35,15,0,1,1),('7501130713158','LAXACAPS PERLAS 30 ',2,5,31.33,78,1,1,1),('7501130713172','GELCAVIT C30',2,6,34.76,86,0,1,1),('7501130713851','GELCAVIT PLATINUM C30',2,10,43.71,108,0,1,1),('7501142925150','DEPO-MEDROL 40MG 2 ML',1,1,167.04,183,0,1,1),('7501159525015','EUCALIPTINE JBE 140ML',1,3,80.18,93,0,1,1),('7501159526029','EUCALIPTINE AMP C 10 1ML',1,3,152.95,171,0,1,1),('7501159551014','PULMONAROM A10 3ML',1,1,336.63,347,0,1,1),('7501159580182','SINUBERASE AMP 10  5ML ',1,1,101.91,114,1,1,1),('7501165000209','LASIX T3620MG',1,1,79.33,88,0,1,1),('7501165000230','NEO MELUBRINA T10 500MG ',1,11,44.74,55,0,1,1),('7501165000254','NEO MELUBRINA AMP 5  1G/2ML',1,1,59.8,68,1,1,1),('7501165000278','NEO MELUBRINA',1,2,77.32,88,0,1,1),('7501165000360','TABALON T10 400MG',1,1,66.34,81,1,1,1),('7501165001220','TRITACE T16 2.5MG',1,1,176.76,227,1,1,1),('7501165003040','ADEROGYL AMP 5 ',1,3,85.02,107,1,1,1),('7501165005372','LACTACYD  SH  INT 160ML',1,2,54.64,93,0,1,1),('7501165005624','NEUROFLAX FA AMP 3 20MG/4MG',1,2,473.46,519,1,1,1),('7501165005839','AMARYL M T16 4MG/100MG',1,1,516.53,533,0,1,1),('7501165006683','DACTIL OB GRAG30 100MG',1,1,219.37,236,0,1,1),('7501165007659','HISTIACILNF C20 22.5MG',1,1,81.51,98,0,1,1),('7501174600124','ADEROGYL C INF SOL 10ML',1,2,43.31,60,0,1,1),('7501174601022','CALCIGENOL DOBLE 340ML',1,1,85.01,98,1,1,1),('7501174607024','BLADURIL GRAG 20 200MG',1,1,305,329,0,1,1),('7501188800084','CALANDA C30 ',1,2,33.76,80,1,1,1),('7501188800176','DURADOCE  SOL INY 2  1000MCG/2ML ',1,2,35.94,43,1,1,1),('7501188800893','TETRA -ATLANTIS C12 250MG',1,1,14.05,35,1,1,1),('7501188800916','TETRA-ATLANTIS C20 500MG',1,1,29.36,72,1,1,1),('7501188801548','TREXOL C10 50MG',1,1,73.57,114,1,1,1),('7501188801876','PANCLASA GTS 30ML',1,1,94.18,140,1,1,1),('7501228300277','MATERNA T30',1,2,196.32,217,0,1,1),('7501250810621','ARTRIDOL C40  25MG/215MG',1,1,486.88,647,1,1,1),('7501250838274','TIBACLIM T30 2.5MG',1,1,446.37,472,1,1,1),('7501250838526','ZOFILIP  T15 200/20MG',1,1,347.18,378,0,1,1),('7501258200127','BEZAFIBRATO T30 200MG',2,10,33.22,94,1,1,1),('7501258204118','SOYALOID SOL 120ML',1,1,82.39,96,1,1,1),('7501258205092','DICLOFENACO GRAG 30',2,2,24.87,71,1,1,1),('7501258205979','KETOROLACO  AMP 3 1ML',2,3,25.84,73,1,1,1),('7501258206563','LORATADINA/BETAMETASONA  SUSP 60ML',2,21,30.43,86,0,1,1),('7501258208499','BENZAFIBRATO  RETARD T10  400MG',2,11,75,94,0,1,1),('7501273500332','BENZADERM GEL 60G',1,1,125.14,135,0,1,1),('7501287630124','TERRAMICINA POM 10G OFT',1,1,61.0162,85,0,1,1),('7501287630506','TERRAMICINA TROC T24 125MG',1,4,82.779,110,0,1,1),('7501287630926','TERRAMICINA  C16 500MG',1,5,117.2682,157,0,1,1),('7501287652744','LIPITOR T20 10MG',1,1,251.9204,350,0,1,1),('7501287678003','BONADOXINA  AMP 5 1ML/25MG',1,1,75.5466,105,1,1,1),('7501287678034','BONADOXINA T20 25MG',1,2,106.5836,143,0,1,1),('7501287678171','BANADOXINA JBE 120ML',1,1,136.02,149,1,1,1),('7501289511117','HIPOGLOS POM 45G',1,1,46.5829,65,1,1,1),('7501289511414','PASTA DE LASSAR',1,2,36.29,61,1,1,1),('7501289541053','DEXOL JBE AD 120ML',2,3,58.17,63,0,1,1),('7501293200267','NEOMICOL 6 OVUL',1,1,118.5,185,1,1,1),('7501298211442','ILIADIN BEBE SOL 20ML10MG PED',1,2,51.03,66,1,1,1),('7501298212210','DOLONEUROBION RETARD  T20 PL',1,1,316.42,386,1,1,1),('7501298215099','SEDALMERCK MAX T 24',1,4,47,60,1,1,1),('7501298217659','DOLO-NEUROBION  AMP3  3ML',1,2,236.02,296,1,1,1),('7501298244808','GLUCOVANCE T60 500MG/2.5MG',1,1,266.07,289,0,1,1),('7501299300251','FLAGENASE T30 500MG',1,1,42.75,75,1,1,1),('7501299301111','FLAGENASE SUSP 120ML 250MG',1,2,53.751,78,0,1,1),('7501299301142','MUCOVIBROL SOL GTS 30ML',1,1,67.5,102,1,1,1),('7501299301401','PARAMIX SOL 0.6G 30ML',1,1,69.65,79,0,1,1),('7501299303085','CICLOFERON COLOR PIEL CRA 2G',1,2,35.58,48,0,1,1),('7501299306130','SUPRADOL SUBLINGUALES  T4 30MG',1,1,85.63,103,0,1,1),('7501299306277','ANALGEN T20 220MG',1,2,48.75,63,0,1,1),('7501299355039','CICLOFERON  XTRM ',1,1,40.63,50,1,1,1),('7501300407054','FEBRAX SUP C5 ',1,1,56.88,71,0,1,1),('7501300407061','FEBRAS SUSP  125/100MG',1,1,86.88,101,1,1,1),('7501300407139','LERK C4 100MG',1,1,135.5,159,0,1,1),('7501300408211','PLIDAN GTS 20ML',1,1,37.5,150,0,1,1),('7501300408228','FURACIN POM 85G',1,1,101.88,118,1,1,1),('7501300408747','DAXON T6 200MG',1,3,96.88,112,0,1,1),('7501300409584','AMINOEFEDRISON NF JBE 150ML',1,2,154.38,178,0,1,1),('7501303451603','PROGYLUTON T21',1,1,287.1,305,1,1,1),('7501314701827','CIPROFLOX C12 500MG',1,1,308.94,330,0,1,1),('7501314703227','SEIS 200MG C20',1,1,185.11,209,0,1,1),('7501314704392','RANISEN SOL PED 30ML',1,1,147.45,168,1,1,1),('7501314704743','UNAMOL SUSP 60ML',1,1,119.36,133,0,1,1),('7501318620223','LEVITRA T1 10MG',1,2,162.77,173,0,1,1),('7501318635784','ADALAT RETARD T28',1,1,188.38,180,1,1,1),('7501318645080','CANESTEN V CRA 20G',1,5,82.1,93,0,1,1),('7501318646360','BAYCUTEN N CRA 35G',1,1,119.82,136,0,1,1),('7501318688827','BINOTAL C20 500MG',1,3,110.78,118,0,1,1),('7501318697409','CANESTEN V OV 1 DIA 500MG',1,1,112.81,128,0,1,1),('7501324402356','INDERALICI T30 40MG',1,2,96.75,157,0,1,1),('7501324402394','TENORMIN T28 1OOMG',1,1,197.58,318,0,1,1),('7501324403070','ZESTRIL T28 5MG',1,1,128.02,212,0,1,1),('7501326004176','JANUMET  C28  50MG/850MG',1,1,381.57,402,0,1,1),('7501328978994','PLAVIX T14 75MG',1,1,522.51,539,0,1,1),('7501328979144','APROVEL  T28 150MG',1,1,572.13,759,1,1,1),('7501328979915','ONOTON GRAG 20',1,1,63.7,73,0,1,1),('7501342800509','TUSILEN JBE AD 118ML',2,5,20.24,58,1,1,1),('7501342800554','TUSILEN JBE PED 100ML',2,6,20.47,58,0,1,1),('7501349015074','BENCELIN 1200.000U ',2,20,7.56,30,1,1,1),('7501349015081','BENCELIN COMBINADO  1200.000U',1,20,7.56,30,1,1,1),('7501361692970','AVAPRO T14 150MG',1,1,298.21,310,0,1,1),('7501384541248','CLOISONE T100 250/25MG',1,1,649.89,704,0,1,1),('7501385450235','ORMOPEN SUSP 250MG/5ML',2,8,24.53,50,1,1,1),('7501385491153','PENBRITIN SUSP 500MG C100ML',1,1,54.06,112,1,1,1),('7501385493850','VARITON T20 450MG/50MG',1,136,260.33,273,0,1,1),('7501390910861','GADITAL C16 ',1,1,99.16,108,1,1,1),('7501390910984','INSOGEN PLUS T80',1,1,146.06,315,1,1,1),('7501390911011','ITALDERMOL CRA 10G',1,1,100.23,117,0,1,1),('7501390911035','ITALDERMOL OVU 6',1,1,215.34,233,1,1,1),('7501390911219','LACTIPAN C6',1,1,145.04,147,1,1,1),('7501390911226','LACTIPAN  C12 ',1,1,188.7,204,1,1,1),('7501390912537','NEO-PANLACTICOS SUSP C6SOBRES Y 6 AMP',1,1,147.26,156,1,1,1),('7501390912544','NEO-PANLACTICOS PLUS SOB12 1G',1,1,116.18,126,1,1,1),('7501390912551','CHOLAL MODIFICADO AMP C10',1,2,174.6,210,1,1,1),('7501446000553','A.F.VALDECASAS',1,1,14.2106,27,0,1,1),('7501471888034','TECXIFIL T30 400MG',2,5,34.49,97,1,1,1),('7501471889475','ERITROVIER-S SUSP 250MG',2,5,29.91,102,1,1,1),('7501537101886','OXOLVAN JBE 120ML',2,15,10.63,30,1,1,1),('7501537102111','OXOLVAN T20 30MG',2,7,10.99,32,1,1,1),('7501537102173','KY6 T10',2,4,5.69,16,0,1,1),('7501537102319','NIPRESOL T 20   100MG ',2,5,9.36,26,1,1,1),('7501537102579','BRULIN  SOL INY 1 2ML',2,5,6.83,20,1,1,1),('7501537102586','BRULIN AMP 3 2ML',2,9,15.37,45,1,1,1),('7501537105471','OXOLBRUL  SUSP INF 120ML',2,3,11.73,34,1,1,1),('7501537151010','VANTOXYL T30 400MG',2,6,27.6,78,1,1,1),('7501537163266','TRIBEDOCE COMP INY 3',2,14,32.2,91,0,1,1),('7501537164638','BUTIFENO SOL 20MG',2,9,20.91,59,1,1,1),('7501537184711','KY6 T10',1,11,59.93,18,0,1,1),('7501547509016','INDARZONA C30 ',2,36,22.77,65,1,1,1),('7501547524088','VERMIN PLUS CRA 10ML',2,5,7.59,22,1,1,1),('7501563381788','BIOLACTONA T20  25MG',2,5,15.81,54,0,1,1),('7501573900016','MESSELDAZOL T20 500MG',2,3,6.5,19,1,1,1),('7501573900047','BIXEN T12 550MG',2,5,15.87,45,1,1,1),('7501573900085','BIOXIL T20 50MG',2,12,12.19,35,1,1,1),('7501573900115','BIOMESINA COMPUESTA GRAG10 10MG',2,10,11.04,32,1,1,1),('7501573900122','HIPERMESSEL T30 250MG',2,3,13.8,39,1,1,1),('7501573900153','DOCSI T20 4MG',1,7,6.33,21,1,1,1),('7501573900221','VEXOTIL T30 10MG',2,9,10.35,30,0,1,1),('7501573900269','QUITADOL T10 750MG',2,5,6.33,10,1,1,1),('7501573920182','RIXTAL C15 100MG',2,5,35.42,101,1,1,1),('7501590211171','ARTRIMAN COMP30 500MG',2,4,29.67,80,0,1,1),('7501590211201','ACTIMAN  COMP 30',2,3,41.4,117,0,1,1),('7501590211225','DIBENEL C30',2,5,31.05,102,0,1,1),('7501590233043','POSTINOR2 T2 0.75MG',2,16,39.5,69,0,1,1),('7501672600503','DIBETID T50 5MG',2,14,5.75,23,1,1,1),('7501672690177','INDOMETACINA C30 25MG',2,5,14.03,40,1,1,1),('7501685173131','PREVO SICO THER MAXX 2 CON',1,1,45.54,76,1,1,1),('7501825300120','BLENDOX JBE 2.5MG/5/60ML',2,3,12.77,36,3,1,1),('7501825300137','BLENDOX T20 4MG',2,11,5.71,35,1,1,1),('7501825300649','OSEMIN T20 40MG',2,8,12.54,35,1,1,1),('7501825300885','VI-DEA-C GOT 25ML',2,2,14.21,40,1,1,1),('7501825301561','BRONAR SOL 600/100MG/5/ 120ML',2,5,22.78,65,0,1,1),('7501825301578','BRONAR SOL  GOT 600/100MG/5/ 30ML',2,6,17.12,48,0,1,1),('7501825302599','ESPABION T20 200MG',2,10,27.84,79,0,1,1),('7501836000118','CARBAFEN T30 350MG',2,4,25.05,70,1,1,1),('7501836000194','ERITROLAT  SUSP 125MG/5ML',2,1,22.63,64,1,1,1),('7501836000873','CAPACIT  T30 4MG',2,4,12.42,36,1,1,1),('7501836000927','TINIAZOL SH 120ML',2,3,25.25,71,1,1,1),('7501836000972','PRUBAGEN CMA 25G',2,3,14.49,41,0,1,1),('7501836002969','CINEPRAC T20 200MG',2,3,25.46,72,0,1,1),('7501836003218','CINEPRAC SUSP 100MG/5ML',2,3,18.63,53,0,1,1),('7501836009807','PRECICOL GTS 20ML',2,4,19.8,56,0,1,1),('7501842900105','ADOPREN T10 600MG',2,10,11.5,33,1,1,1),('7501871720118','TAFENINL T30 250MG',1,1,273.28,287,1,1,1),('7501871720415','ADECUR T15 2MG',1,1,186.93,204,0,1,1),('7501871720590','VARTALON COMPOSITUM  POLVO C30  1500-1200MG',1,1,655.68,675,1,1,1),('7501871720675','TAFIROL T20 1G',1,1,126.61,138,1,1,1),('7501871720828','MICTASOL T8 1+1 400MG',1,1,284.56,298,1,1,1),('7501893800898','PRENATEX GRAG 50',1,1,115.83,181,1,1,1),('7502001160019','BUSCONET 1 FA  20',2,3,13.57,39,1,1,1),('7502001160026','BUSCONET  T10 250MG',2,4,14.95,43,1,1,1),('7502001160088','SONS PIRAL GTS 15ML',1,4,9.78,28,1,1,1),('7502001160125','ATALAK RETARD GRAG 20 100MG',2,12,20.93,60,0,1,1),('7502001160385','SON\'S PIRAL JBE INF 120ML',2,5,13.11,38,0,1,1),('7502001160415','GENKOVA 1 FA 80MG/2ML',2,3,8.4,24,1,1,1),('7502001161511','BENTIX CRA 40G',2,10,13.11,51,1,1,1),('7502001161610','LISONIN AMP 6 300MG/1ML',2,2,36.11,103,1,1,1),('7502001161627','LISONIN AMP1  600MG/2ML',2,4,13.11,38,1,1,1),('7502001162426','ARDOSONS C20 25MG/0.75',2,4,60.95,173,1,1,1),('7502001162532','SONS T30 25MG',2,10,10.93,31,1,1,1),('7502001163232','RIDIN JBE INF 120ML',2,10,13.11,38,0,1,1),('7502001163751','EXPICIN C20 500MG',2,7,21.28,60,0,1,1),('7502001163942','BREDAFUR GEL  30G',2,3,16.56,47,1,1,1),('7502001164024','MI-KE-SON\'S T10  200MG',2,6,20.7,59,1,1,1),('7502001165014','DEXIMET T30 25/0.25MG',2,2,21.85,62,0,1,1),('7502001165120','METAX FA 8 MG AMP 3',2,6,21.85,62,0,1,1),('7502001165144','DIPRODOL T10 800MG',2,19,15.07,43,1,1,1),('7502001165205','FENIXIL-OF GTS 15ML',2,3,10.93,31,1,1,1),('7502001165526','BACTROPIN F T14 80/400MG',2,10,11.73,34,0,1,1),('7502001165564','BACTROPIN SUSP 40MG- 200MG/5ML',2,13,13.46,38,0,1,1),('7502001166028','NEODERM-F  CRA 40G',2,6,11.73,34,0,1,1),('7502001169142','B-MILSONS AMP 5 50000',2,2,42.55,121,0,1,1),('7502001169289','BACTROPIN F T14 160/800MG',2,18,12.88,37,0,1,1),('7502003380217','ACQTA T12 2MG',2,13,8.56,24,0,1,1),('7502003380590','BROGAL T SOL INF 120ML',2,5,20.42,57,1,1,1),('7502003385038','NOVOQUIN T12 500MG',2,5,42.92,121,1,1,1),('7502003385540','ONOFIN-K T10 200MG',2,6,25.05,70,1,1,1),('7502003387629','TOLORAN T10 10MG',2,19,19.04,54,0,1,1),('7502003388053','ZIVERONE  SUSP 120ML ',2,2,72.22,135,0,1,1),('7502003388107','VOMISIN T20 50MG',2,2,15.87,45,0,1,1),('7502003388510','YADEGAL JBE 120ML',2,6,20.63,58,1,1,1),('7502004400150','AMEBYL SUSP 120ML',2,3,31.6,75,1,1,1),('7502004400204','AMEBYL T20 400MG',2,7,49.68,141,1,1,1),('7502004401454','DEXNE OFT GTS 4ML',2,10,17,38,0,1,1),('7502004402352','KAMILON SUSP 120ML',2,2,37.26,106,0,1,1),('7502006923572','DRAFEN JBE 12.5MG/5/120ML',2,3,10.35,30,0,1,1),('7502006927501','HASTILAN EMULSION  120ML',2,3,22.5,59,1,1,1),('7502009340154','PENPROCILINA INY 400 000U',1,1,29.87,49,1,1,1),('7502009340161','PENPROCILINA  INY 800000U',1,1,34.27,61,1,1,1),('7502009740206','CLAMOXIN SUSP 125 MG ',2,13,20.7,59,3,1,1),('7502009740213','CLAMOXIN SUSP 250MG',2,11,31.05,88,0,1,1),('7502009740251','MAFENA GEL 60G',2,2,68.75,49,1,1,1),('7502009740268','COBADEX JBE AD 120ML',2,7,15.18,43,0,1,1),('7502009740275','COBADEX SOL INF 120ML',2,4,14.49,41,1,1,1),('7502009740282','FLUXOL SOL 120ML',2,11,11.34,45,1,1,1),('7502009740343','REDAFLAM GEL 40G',2,2,17.94,51,0,1,1),('7502009740480','CEFALVER  C20 500MG',2,19,31.74,90,0,1,1),('7502009740497','CLAMOXIN 12H SUSP PED 200MG',2,11,19.32,55,0,1,1),('7502009740503','CLAMOXIL 12H JR SUSP 400MG',2,6,31.05,88,16,1,1),('7502009740657','LARITOL EX SUSP 120',2,6,15.87,45,0,1,1),('7502009740763','CLAMOXIN 12 H T10 875MG',2,12,45.54,129,0,1,1),('7502009740978','CEPOBROM SUSP 250MG/100ML',2,13,31.05,88,0,1,1),('7502009740992','CLAMOXIN T10 500MG/125 MG',2,14,36.57,104,0,1,1),('7502009741470','PRASIVER T30 10MG',2,8,38.64,110,0,1,1),('7502009742132','EXALVER JBE INF120',2,6,19.32,55,0,1,1),('7502208892232','DIMOPEN C12 500MG',2,4,17.46,52,0,1,1),('7502208892249','LUGAXIL INY 400,000 U',2,59,5.31,17,1,1,1),('7502208892256','LUGAXIL INY 800,000U',2,55,6.07,20,0,1,1),('7502208892287','DIMOPEN SUSP 500MG',2,6,19.73,55,0,1,1),('7502208892294','DIMOPEN SUSP 250MG',2,6,14.17,40,0,1,1),('7502208892355','CILOCID T20 5MG',2,5,4.56,13,1,1,1),('7502208892737','BUTIMAXIL C20 500MG',2,3,25.88,88,1,1,1),('7502208892751','BRUPEN C20 500MG',2,3,21.51,61,1,1,1),('7502209290075','BRONCHO- VAXOM C10 7MG AD',1,1,328.5576,427,0,1,1),('7502209290587','NIDESEF C20 300MG/25MG',1,1,369.68,389,0,1,1),('7502211781585','FLAMOZIN SUSP 120ML',1,2,18.17,52,1,1,1),('7502213040086','INNOBION AMP3  2ML',2,7,35.64,94,1,1,1),('7502214980015','PREVO  PRUDENCE CLAS C3',1,1,10.12,21,1,1,1),('7502214982477','PREVO  PRUDENCE SABOR FRESA  C3',1,1,12.4292,24,1,1,1),('7502214982514','PREVO  PRUDENCE SABOR CHOC C3',1,1,12.4292,24,1,1,1),('7502216930421','BUTAZOLIDINA T20 200MG',1,5,66.48,126,1,1,1),('7502216930599','AVAPENA AMP 5 2ML',1,1,100.47,164,1,1,1),('7502223552418','MODIPAS C30 80/80MG',2,5,29.9,85,0,1,1),('7502223553675','ZOLUFEN C14 20MG',2,15,9.86,39,0,1,1),('7502227870648','NORFLEN T8 400MG',2,9,31.28,88,1,1,1),('7502234766019','TERVIRAX SOL 15ML',1,1,52,65,0,1,1),('7502235760108','BELLAFEM MATERNAL T60',1,1,165.64,182,0,1,1),('7502240450148','WERMY C16 300MG',2,1,75,133,0,1,1),('7502240450230','ROSEL SOL INF  60ML',2,1,21.39,61,0,1,1),('7502261160057','SALBUTAMOL AEROSOL 100MG/DOSIS',2,8,31.21,124,0,1,1),('7502261160088','BROMURO DE IPRATROPIO AEROSOL ',2,5,86.25,244,1,1,1),('7502261160101','FLUOXETINA  C14  20MG',2,1,24.84,71,1,1,1),('7502261160231','HIDROCORTISONA SOL 100MG/2ML',2,2,34.5,98,1,1,1),('7502867760057','SAMBUTAMOL AEROSOL ',2,10,27.31,124,1,1,1),('75029920','MUM  DESD MAG  ROMANTIC  60G',3,1,6.225,17,1,1,1),('7503000033045','telcel 100',10,7,95,100,2,1,1),('7503000422184','PRESISTIN T30 5MG',2,5,16.56,47,0,1,1),('7503000422191','PRESISTIN T30 10MG',2,3,24.84,71,0,1,1),('7503000422429','CIPRAIN T10 250MG',2,4,17.25,49,0,1,1),('7503000422436','CIPRAIN T10 500MG',2,4,28.29,80,0,1,1),('7503000422467','DOLXEN T20 500MG',2,9,23.46,67,0,1,1),('7503000422498','REDALIP T30 200MG',2,5,22.77,65,0,1,1),('7503000422627','CEFALVER SUSP 250MG',2,10,21.39,61,0,1,1),('7503000422665','PENTIVER T20 500MG',2,10,16.56,47,1,1,1),('7503000422719','PENTIVER  SUSP 250MG/5ML',2,5,15.18,43,0,1,1),('7503001007120','MEXAPIN SUSP 125MG/5ML',2,5,8.05,23,1,1,1),('7503003134268','TROPHARMA T20 500MG',2,1,34.5,98,0,1,1),('7503003134411','ERITROPHARMA-S SUSP  250MG/5ML',2,1,33.35,95,0,1,1),('75030094','MUM  DESD MAG  DERMIS  60G',3,1,6.225,17,1,1,1),('75030148','MUM D DESD MAG MANZANILLA 60G',3,1,6.225,17,1,1,1),('7506295304227','OLD SPICE SHOWTIME 50G',3,1,18.0774,34,1,1,1),('7506309808369','MACH3 GILLETTE  CART MUNDIAL  C4',3,1,93.6,156,1,1,1),('7506309808390','GILLETT MACH3  RASTRILLO',3,1,30.258,57,1,1,1),('7506309862057','GILLETTE  GEL SPORT 82G',3,1,18.675,37,1,1,1),('7509546003122','COLGATE SMILES  BARBIE 75G',1,5,18.67,24,1,1,1),('7509546048338','COLGATE SMILES  SPIDER-MAN',1,2,18.67,24,1,1,1),('7509546058818','MENNEN JBN 110G',3,5,8.06,13,0,1,1),('7590002012468','VAPORUB',1,2,32.7918,65,0,1,1),('7702003476594','CURITAS  TRANSPIEL  C100',4,1,16.1595,30,1,1,1),('7702006912136','SEDAL CONTROL CAIDA SOS 350ML',3,1,15.8844,32,1,1,1),('7702006912891','SEDAL SH  LISO PERFECTO  350ML',3,1,15.8844,32,1,1,1),('7702018913978','GILLETTE  ROLLON   POWER RUSH 60G',3,1,11.869,25,1,1,1),('7730979094092','ASOFLON C30 0.4MG',1,1,563.92,588,0,1,1),('7791293003283','SEDAL SH CERAMIDA 350ML',3,1,15.8844,32,1,1,1),('7791293020297','APOLLO AXE SECO ',3,1,23.436,45,1,1,1),('780083140083','PASMODIL GRA 20',2,2,21.39,61,0,1,1),('780083140328','FIBROMUCIL PVO 250G',2,3,41.4,117,1,1,1),('780083140441','FIBROMUCIN FRASCO 250G',2,3,41.4,117,1,1,1),('780083140595','PLUSGEL SUSP 360ML',2,17,23.46,67,0,1,1),('780083140663','GIMALXINA C12 500MG',2,6,13.8,47,0,1,1),('780083140762','DOLPRIN T 10',2,5,9.66,28,1,1,1),('780083140922','AMPIGRIN INY SOL 500MG',2,1,51.98,147,1,1,1),('780083140939','AMPIGRIN INY INF SOL 250MG ',2,1,46.92,133,1,1,1),('780083141066','VOLFENAC GEL 60G',2,3,19.32,55,0,1,1),('780083141226','PERLUDIL AMP 1 1ML',2,6,20.7,59,1,1,1),('780083141578','GELMICIN CRA 40G',1,40,12.42,36,1,1,1),('780083141585','SOVICLOR CRA 5G',2,3,13.5,36,1,1,1),('780083141714','ANGLUCID T30 850MG',2,7,19.55,67,1,1,1),('780083141882','GIMALXINA SUSP 500MG/5ML',2,9,31.74,90,0,1,1),('780083141929','DOLPRIN SUSP 120ML',2,25,13.8,47,0,1,1),('780083142018','VOLFENAC AMP 2 3 ML',2,5,13.8,39,1,1,1),('780083142308','TEMPIRE GTS 30ML',2,4,33,34,0,1,1),('780083142537','COLLICORT CRA 60G 1.0%',2,2,28.29,80,0,1,1),('785118752361','FULTAC SOL 7.5 MG 120ML',2,7,13.8,72,1,1,1),('785118752477','UREZOL T20 100MG',2,5,18.63,53,0,1,1),('785118752491','AZIBIOT T3 500MG',2,3,48.3,137,1,1,1),('785118752590','DISTENTAL T14 100MG',2,10,25.53,73,0,1,1),('785120753530','MACLOV T35 400MG',2,4,62.1,176,1,1,1),('785120754117','VIKROL T10 500MG',2,3,55.2,156,1,1,1),('785120754131','MAVIGLIN  500MG/5MG',2,22,32.34,98,0,1,1),('785120754179','MAVILAN C14 30MG',2,5,30.36,86,0,1,1),('785120754247','DESTRALINA C16 300MG',2,10,33.35,95,1,1,1),('785120754254','VENOXIL T60 75MG',2,4,28.98,82,1,1,1),('785120754810','ATORLIP T10 20MG',2,2,30.36,86,1,1,1),('785120754841','MAVIDOT TR T10 25/10MG',2,4,28.98,82,0,1,1),('7891010007263','JOHNSONS B LOC 100ML ANTIMOSQ',3,3,37.77,72,0,1,1),('7891010030087','JOHNSONS B SH 100ML',3,5,14.44,28,1,1,1),('7891106904353','NATELE C28',1,2,204.21,217,0,1,1),('7896009490651','ULTRA COREGA  40G',1,1,65.45,99,1,1,1),('7896116861566','DIANE GRAG 21',1,1,217.68,257,0,1,1),('8027950210183','PENTREXYL  C28 500MG ',1,2,139.64,192,0,1,1),('803288480225','GUAYAP-TOL PER30',2,6,22.08,63,0,1,1),('8033622630029','FLUIDASA  SOL GTS 30ML',1,1,81.51,151,1,1,1),('891671002277','NORFLEX PLUS  T 50',1,1,203.97,228,1,1,1);
/*!40000 ALTER TABLE `productos_producto` ENABLE KEYS */;
UNLOCK TABLES;

--
-- Table structure for table `productos_productosincodigo`
--

DROP TABLE IF EXISTS `productos_productosincodigo`;
/*!40101 SET @saved_cs_client     = @@character_set_client */;
/*!40101 SET character_set_client = utf8 */;
CREATE TABLE `productos_productosincodigo` (
  `id` int(11) NOT NULL AUTO_INCREMENT,
  `nombre_producto` varchar(200) NOT NULL,
  `status` tinyint(1) NOT NULL,
  PRIMARY KEY (`id`)
) ENGINE=InnoDB AUTO_INCREMENT=5 DEFAULT CHARSET=latin1;
/*!40101 SET character_set_client = @saved_cs_client */;

--
-- Dumping data for table `productos_productosincodigo`
--

LOCK TABLES `productos_productosincodigo` WRITE;
/*!40000 ALTER TABLE `productos_productosincodigo` DISABLE KEYS */;
INSERT INTO `productos_productosincodigo` VALUES (1,'hielos',1),(2,'huevo',1),(3,'MUTIFON',1),(4,'CORTA UÑAS ',1);
/*!40000 ALTER TABLE `productos_productosincodigo` ENABLE KEYS */;
UNLOCK TABLES;

--
-- Table structure for table `proveedores_proveedores`
--

DROP TABLE IF EXISTS `proveedores_proveedores`;
/*!40101 SET @saved_cs_client     = @@character_set_client */;
/*!40101 SET character_set_client = utf8 */;
CREATE TABLE `proveedores_proveedores` (
  `id` int(11) NOT NULL AUTO_INCREMENT,
  `nombre` varchar(200) NOT NULL,
  `apellido_Paterno` varchar(200) NOT NULL,
  `apellido_Materno` varchar(200) NOT NULL,
  `compania_id` int(11) NOT NULL,
  `telefono` varchar(200) NOT NULL,
  `email` varchar(75) NOT NULL,
  `status` tinyint(1) NOT NULL,
  PRIMARY KEY (`id`),
  KEY `proveedores_proveedores_2a71e362` (`compania_id`),
  CONSTRAINT `compania_id_refs_id_1efa54db` FOREIGN KEY (`compania_id`) REFERENCES `compania_compania` (`id`)
) ENGINE=InnoDB AUTO_INCREMENT=8 DEFAULT CHARSET=latin1;
/*!40101 SET character_set_client = @saved_cs_client */;

--
-- Dumping data for table `proveedores_proveedores`
--

LOCK TABLES `proveedores_proveedores` WRITE;
/*!40000 ALTER TABLE `proveedores_proveedores` DISABLE KEYS */;
INSERT INTO `proveedores_proveedores` VALUES (1,'israel','vazquez','herver',2,'0007777','israel@coca.com',1),(2,'ivan','perez','gomez',23,'1345468','ivan@ricolino.com',1),(3,'jose alfredo','gonzalez','del angel',6,'7851037924','jossegon85@hotmail.com',1),(4,'aaron','perez','velazquez',7,'7651069461','scarzur@hotmail.com',1),(5,'levic','1234','dgjhiylasdd',13,'41561','levi@16565.com',1),(6,'VICTOR MANUEL ','LUNA','CONTRERAS ',10,'2292648177','victorlunacontreras@hotmail.com',1),(7,'JOSE LUIS ','ZEPEDA','ALVAREZ',12,'0000000000','jlzepeda_a@hotmail.com',1);
/*!40000 ALTER TABLE `proveedores_proveedores` ENABLE KEYS */;
UNLOCK TABLES;

--
-- Table structure for table `ventas_productos_vendidos`
--

DROP TABLE IF EXISTS `ventas_productos_vendidos`;
/*!40101 SET @saved_cs_client     = @@character_set_client */;
/*!40101 SET character_set_client = utf8 */;
CREATE TABLE `ventas_productos_vendidos` (
  `id` int(11) NOT NULL AUTO_INCREMENT,
  `venta_id` int(11) NOT NULL,
  `fecha_venta` datetime NOT NULL,
  `producto_id` varchar(200) NOT NULL,
  `precio_compra` double NOT NULL,
  `precio_venta` double NOT NULL,
  `piezas_vendias` int(11) NOT NULL,
  `valor_piezas_vendidas` double NOT NULL,
  `porcentage_descuento` int(11) NOT NULL,
  PRIMARY KEY (`id`),
  KEY `ventas_productos_vendidos_b64523d` (`venta_id`),
  KEY `ventas_productos_vendidos_2d3cc3fc` (`producto_id`),
  CONSTRAINT `producto_id_refs_codigo_23adade0` FOREIGN KEY (`producto_id`) REFERENCES `productos_producto` (`codigo`),
  CONSTRAINT `venta_id_refs_id_515ca502` FOREIGN KEY (`venta_id`) REFERENCES `ventas_venta` (`id`)
) ENGINE=InnoDB DEFAULT CHARSET=latin1;
/*!40101 SET character_set_client = @saved_cs_client */;

--
-- Dumping data for table `ventas_productos_vendidos`
--

LOCK TABLES `ventas_productos_vendidos` WRITE;
/*!40000 ALTER TABLE `ventas_productos_vendidos` DISABLE KEYS */;
/*!40000 ALTER TABLE `ventas_productos_vendidos` ENABLE KEYS */;
UNLOCK TABLES;

--
-- Table structure for table `ventas_tabla_temporal`
--

DROP TABLE IF EXISTS `ventas_tabla_temporal`;
/*!40101 SET @saved_cs_client     = @@character_set_client */;
/*!40101 SET character_set_client = utf8 */;
CREATE TABLE `ventas_tabla_temporal` (
  `id` int(11) NOT NULL AUTO_INCREMENT,
  `personal_id` int(11) NOT NULL,
  `producto_id` varchar(200) NOT NULL,
  `numero_piezas` int(11) NOT NULL,
  `precio_compra` double NOT NULL,
  `precio_venta` double NOT NULL,
  `valor_piezas_vendidas` double NOT NULL,
  `utilidad` double NOT NULL,
  `porcentage_descuento` int(11) NOT NULL,
  PRIMARY KEY (`id`),
  KEY `ventas_tabla_temporal_ef058c4` (`personal_id`),
  KEY `ventas_tabla_temporal_2d3cc3fc` (`producto_id`),
  CONSTRAINT `personal_id_refs_id_5424f25f` FOREIGN KEY (`personal_id`) REFERENCES `Personal_personal` (`id`),
  CONSTRAINT `producto_id_refs_codigo_29860bef` FOREIGN KEY (`producto_id`) REFERENCES `productos_producto` (`codigo`)
) ENGINE=InnoDB DEFAULT CHARSET=latin1;
/*!40101 SET character_set_client = @saved_cs_client */;

--
-- Dumping data for table `ventas_tabla_temporal`
--

LOCK TABLES `ventas_tabla_temporal` WRITE;
/*!40000 ALTER TABLE `ventas_tabla_temporal` DISABLE KEYS */;
/*!40000 ALTER TABLE `ventas_tabla_temporal` ENABLE KEYS */;
UNLOCK TABLES;

--
-- Table structure for table `ventas_venta`
--

DROP TABLE IF EXISTS `ventas_venta`;
/*!40101 SET @saved_cs_client     = @@character_set_client */;
/*!40101 SET character_set_client = utf8 */;
CREATE TABLE `ventas_venta` (
  `id` int(11) NOT NULL AUTO_INCREMENT,
  `personal_id` int(11) NOT NULL,
  `fecha_venta` datetime NOT NULL,
  `total_venta` double NOT NULL,
  `utilidad` double NOT NULL,
  PRIMARY KEY (`id`),
  KEY `ventas_venta_ef058c4` (`personal_id`),
  CONSTRAINT `personal_id_refs_id_24c08ae7` FOREIGN KEY (`personal_id`) REFERENCES `Personal_personal` (`id`)
) ENGINE=InnoDB AUTO_INCREMENT=3 DEFAULT CHARSET=latin1;
/*!40101 SET character_set_client = @saved_cs_client */;

--
-- Dumping data for table `ventas_venta`
--

LOCK TABLES `ventas_venta` WRITE;
/*!40000 ALTER TABLE `ventas_venta` DISABLE KEYS */;
INSERT INTO `ventas_venta` VALUES (1,1,'2014-05-14 17:04:25',46,21.66),(2,2,'2014-05-14 17:09:22',10,5);
/*!40000 ALTER TABLE `ventas_venta` ENABLE KEYS */;
UNLOCK TABLES;
/*!40103 SET TIME_ZONE=@OLD_TIME_ZONE */;

/*!40101 SET SQL_MODE=@OLD_SQL_MODE */;
/*!40014 SET FOREIGN_KEY_CHECKS=@OLD_FOREIGN_KEY_CHECKS */;
/*!40014 SET UNIQUE_CHECKS=@OLD_UNIQUE_CHECKS */;
/*!40101 SET CHARACTER_SET_CLIENT=@OLD_CHARACTER_SET_CLIENT */;
/*!40101 SET CHARACTER_SET_RESULTS=@OLD_CHARACTER_SET_RESULTS */;
/*!40101 SET COLLATION_CONNECTION=@OLD_COLLATION_CONNECTION */;
/*!40111 SET SQL_NOTES=@OLD_SQL_NOTES */;

-- Dump completed on 2014-06-18 11:04:59
